"Page","ชื่อสามัญ/ชื่อการค้า","ข้อบ่งใช้","Dose ผู้ใหญ่","Dose เด็ก","Dose ปรับตามตับ/ไต","ข้อห้ามใช้/ควรระวัง"
"1","Chlorpheniramine","ยาลดน้ำมูก antihistamine เหมาะกับลดน้ำมูกที่ ใสและเหลว","Immediate release: Oral: 4 mg every 4 to 6 hours; do not exceed 24 mg/24 hours. Extended release: Oral: 12 mg every 12 hours; do not exceed 24 mg/24 hours.","[hay fever]: Immediate release: Oral syrup (eg, Ed Chlorped Jr): 2 mg chlorpheniramine per 5 mL: Children 2 to <6 years: Limited data available: Oral: 1 mg every 4 to 6 hours; maximum daily dose: 6 mg/day (Ref). Children 6 to <12 years: Oral: 2 mg every 4 to 6 hours; maximum daily dose: 12 mg/day. Children ≥12 years and Adolescents: Oral: 4 mg every 4 to 6 hours; maximum daily dose: 24 mg/day.","Altered kidney function: • eGFR >30 mL/minute/1.73 m2: No dosage adjustment necessary • eGFR ≤30 mL/minute/1.73 m2: use with caution Dosing: Liver Impairment: Adult no dosage adjustments","Contraindications do not use to make a child sleep. Avoid use in patients with high-risk occupations (eg, pilots, bus drivers) or who may be more prone to anticholinergic effects (eg, older adults) Warnings/Precautio ns • CNS depression: • Pediatric: Antihistamines may cause excitation in young children. Other warnings/precautio ns: • notify health care provider prior to use if you have breathing problems (eg, chronic bronchitis, emphysema), glaucoma, difficultly in urination due to enlargement of the prostate gland, or are currently taking sedatives, tranquilizers. Warnings: Additional Pediatric Considerations Safety and efficacy for the use of cough and cold products in pediatric patients <4 years of age is limited; the AAP warns against the use of these products for respiratory illnesses in young children. Serious adverse effects including death have been reported. The FDA does not recommend OTC uses for these products in pediatric patients <2 years of age and recommends to use with caution in pediatric patients ≥2 years of age."
"1","Brompheniramine","ยาลดน้ำมูก antihistamine เหมาะกับลดน้ำมูกที่ ใสและเหลว","ขนาด บรอมเฟนิรามีน สำหรับผู้ใหญ่ อาการของโรคหวัด • ยาออกฤทธิ์ทันที 4 มก. ถึง 8 มก. รับประทานทุกๆ 6 ชั่วโมงเท่าที่จำเป็น ขนาดยาสำหรับ รับประทานสูงสุด 24 มก.ต่อวัน https://hellokhunmor. com/ยาและอาหารเสริม /บรอมเฟนิรามีน- brompheniramine/","Usual Pediatric Dose for Cold Symptoms • 6 to less than 12 years: Maintenance dose: 10 mL orally every 4 hours Maximum dose: 6 doses orally in 24 hours • 12 years and older: Maintenance dose: 20 mL orally every 4 hours Maximum dose: 6 doses or","Renal Dose Adjustments Data not available Liver Dose Adjustments Data not available","Precautions Safety and efficacy have not been established in patients younger than 6 years. Do not use cold or allergy medicine to make a child sleepy. You should not use brompheniramine if you are allergic to it, or if you have: • hypertension • clogged arteries • a stomach ulcer • narrow-angle glaucoma • if you are unable to urinate or an enlarged prostate (BPH) • asthma attack. Do not use brompheniramine if you have used an MAO inhibitor in the past 14 days. A dangerous drug interaction could occur. MAO inhibitors include isocarboxazid, linezolid, methylene blue injection, phenelzine, rasagiline, selegiline, tranylcypromine, and others."
"2","Diphenhydramine","ยาลดน้ำมูก antihistamine","Common cold symptoms (eg, rhinitis, rhinorrhea, sneezing) or upper airway cough syndrome: Oral: 25 mg every 4 to 6 hours or 50 mg every 6 to 8 hours as needed (used in combination with a decongestant)","Allergic rhinitis/rhinoconjun ctivitis (hay fever): • Children 2 to <6 years: Limited data available: Oral: 6.25 mg every 4 to 8 hours as needed • Children ≥6 to <12 years: Oral: 12.5 to 25 mg every 4 to 8 hours as needed • Children ≥12 years and Adolescents: Oral: 25 to 50 mg every 4 to 8 hours as needed Weight-directed dosing: Infants ≥9 kg, Children, and Adolescents: Oral: 5 mg/kg/day in equally divided doses every 6 to 8 hours; age-related maximum single doses: <6 years: 6.25 mg/dose; 6 to 11 years: 25 mg/dose; ≥12 years: 50 mg/dose","Altered kidney function: IM, IV, Oral: No dosage adjustment Liver impairment Child-Turcotte-Pugh class A to C: IM, IV, Oral: No dosage adjustment","Contraindications do not use in children <6 years, to make a child sleep Warnings/Precautio ns • CNS depression: patients must be cautioned (eg, operating machinery or driving). Disease-related concerns: • Asthma: • Cardiovascular disease (hypertension and ischemic heart disease). • Increased intraocular pressure/glaucoma: Use with caution in patients angle-closure glaucoma. • Prostatic hyperplasia/urinary obstruction: bladder neck obstruction, and/or GU obstruction. • Pyloroduodenal obstruction: • Thyroid dysfunction Special populations • Pediatric: Antihistamines may cause excitation in young children. Toxicity (overdose) may result in hallucinations, convulsions, or death; use is contraindicated in neonates and premature infants."
"3","Cyproheptadine","ยาลดน้ำมูก antihistamine","Allergic conditions: Oral : Initial: 4 mg three times daily; maintenance: 4 to 20 mg/day in divided doses; maximum: 0.5 mg/kg/day; some patients may require up to 32 mg/day for adequate control of symptoms. Dosing: Older Adult Avoid use","Allergic conditions (nonacute): Weight-directed or BSA-directed dosing: Children ≥2 years and Adolescents: Oral: 0.25 mg/kg/day or 8 mg/m2/day in 2 to 3 divided doses. Fixed dosing: • Children 2 to <7 years: Oral: 2 mg every 8 to 12 hours; maximum daily dose: 12 mg/day. • Children ≥7 years and Adolescents <15 years: Oral: 4 mg every 8 to 12 hours; maximum daily dose: 16 mg/day. • Adolescents ≥15 years: Initial: Oral: 4 mg every 8 hours; titrate to effect; usual range: 12 to 16 mg/day although some patients may require up to 32 mg; maximum daily dose: 0.5 mg/kg/day.","Dosing: Kidney Impairment: Adult There are no dosage adjustments Dosing: Liver Impairment: Adult There are no dosage adjustments","Avoid use of cyproheptadine in patients with high-risk occupations (eg, pilots, bus drivers) or who may be more prone to anticholinergic effects (eg, older adults)"
"3","Hydroxyzine","มักใช้ลดคันในผื่น ไม่ค่อยใช้ลดน้ำมูก","Pruritus: •Oral : 25 mg 3 to 4 times daily as needed. • Nightly dosing: Oral: Due to its sedating properties, some experts recommend 25 to 50 mg once daily as needed at bedtime.","Pruritus; associated with allergic conditions or chronic urticaria: Age-directed dosing: • Children <6 years: Oral: 12.5 mg 3 to 4 times daily • Children ≥6 years and Adolescents: Oral: 12.5 to 25 mg 3 to 4 times daily Weight-directed dosing: Children and Adolescents: • Patient weight ≤40 kg: Oral: 2 mg/kg/day divided every 6 to 8 hours as needed; maximum dose: 25 mg/dose. • Patient weight >40 kg: Oral: 25 to 50 mg once daily at bedtime or twice daily","Altered kidney function: Oral, IM: • CrCl ≥50 mL/minute: No dosage adjustment • CrCl 10 to <50 mL/minute: Administer ~50% of usual dose • CrCl <10 mL/minute: Administer ~25% to 50% of usual dose Liver impairment liver cirrhosis: Child-Turcotte-Pugh class A to C: IM, Oral: Use minimum effective dose, not to exceed a total maximum daily dose of 25 mg/day","Contraindications Hypersensitivity to hydroxyzine ; early pregnancy; prolonged QT interval. Additional contraindications: Oral: Hypersensitivity to cetirizine or levocetirizine. Warnings/Precautio ns Disease-related concerns: • narrow-angle glaucoma • Prostatic hyperplasia/urinary stricture • asthma or chronic obstructive pulmonary disease (COPD). Special populations: Older adult: May cause over sedation in older adults; avoid use."
"4","Cetirizine","ยาลดน้ำมูก antihistamine .","Allergic rhinitis or conjunctivitis: Oral: 10 mg once daily; alternatively, may be given as needed 2 to 5 hours before exposure to allergen, (less effective) hay fever or other upper respiratory allergies): 5 to 10 mg once daily (maximum: 10 mg/day). Dosing: Older Adult Upper respiratory allergies, urticaria: Oral: 5 mg once daily (maximum dose: 5 mg daily).","Allergic rhinitis or conjunctivitis or rhinoconjunctivitis (hay fever): • Infants ≥6 months: Oral: 2.5 mg once daily. • Children <2 years: Oral: Initial: 2.5 mg once daily; dosage may be increased to 2.5 mg twice daily. • Children 2 to <6 years: Oral: 2.5 to 5 mg once daily (Ref); may also administer as 2.5 mg twice daily • Children ≥6 years and Adolescents: Oral: 5 to 10 mg once daily.","Altered kidney function: Oral: • CrCl >31 mL/minute: No dosage adjustment • CrCl 11 to ≤31 mL/minute: 5 mg once daily. • CrCl ≤10 mL/minute: 5 mg once every 48 hours; may increase to 5 mg once daily Liver impairment Child-Turcotte-Pugh class A to C: Oral: 5 mg once daily","Contraindications Hypersensitivity to cetirizine, hydroxyzine, levocetirizine Warnings/Precautio ns • Rebound pruritus has been reported within several days after stopping cetirizine, usually after long-term (eg, months to years) use. Disease-related concerns: • Hepatic impairment: • Renal impairment: • Sedatives: Effects may be potentiated when used with other sedative drugs or ethanol. Special populations: • Older adult: Use with caution; more sensitive to adverse effects."
"4","Loratadine","ยาลดน้ำมูก antihistamine","Allergic rhinitis or conjunctivitis: Oral: 10 mg once daily or 5 mg twice daily. OTC labeling (hay fever or other upper respiratory allergies): Oral: 10 mg once daily or 5 mg twice daily; maximum dose: 10 mg/day. Dosing: Older Adult Refer to adult dosing.","Allergic symptoms, hay fever: • Children ≥2 to <6 years: Oral: 5 mg once daily. • Children ≥6 years and Adolescents: 5 mg twice daily or 10 mg once daily.","Altered kidney function: Oral: • CrCl ≥30 mL/minute: No dosage adjustment • CrCl <30 mL/minute: 10 mg every 48 hours Dosing: Liver Impairment: Adult No dosage adjustment","Warnings/Precautio ns Disease-related concerns: • Hepatic impairment: • Renal impairment: • Sedatives: Effects may be potentiated when used with other sedative drugs or ethanol. Warnings: Additional Pediatric Considerations Safety and efficacy for the use of cough and cold products in pediatric patients <4 years of age is limited; the AAP warns against the use of these products for respiratory illnesses in young children. Serious adverse effects including death have been reported. The FDA does not recommend OTC uses for these products in pediatric patients <2 years of age and recommends to use with caution in pediatric patients ≥2 years of age."
"4","Fexofenadine","ยาลดน้ำมูก antihistamine","Upper respiratory allergies: Twice-daily formulations: Oral: 60 mg every 12 hours (maximum: 120 mg/day). Once-daily formulations: Oral: 180 mg once daily (maximum: 180 mg/day). Administration: Adult • Oral suspension, tablet: Administer with water only; do not administer with fruit juices. Shake suspension well before use. Use suspension only with enclosed dosing cup. Dosing: Older Adult Refer to adult dosing.","Allergic symptoms/rhinitis: Twice-daily formulations (eg, oral suspension, regular tablet): Oral suspension: -Infants ≥6 months and Children <2 years: Limited data available : • <10.5 kg: Oral: 15 mg every 12 hours. • ≥10.5 kg: Oral: 30 mg every 12 hours. - Children ≥2 to <12 years: Oral: 30 mg every 12 hours; maximum daily dose: 60 mg/day. - Children ≥12 years and Adolescents: Oral: 60 mg every 12 hours; maximum daily dose: 120 mg/day. 12-hour tablet: Children ≥12 years and Adolescents: Oral: 60 mg every 12 hours; maximum daily dose: 120 mg/day. Once-daily formulation: Children ≥12 years and Adolescents: Oral: 180 mg once daily. Administration: Pediatric • Suspension, regular tablet: May administer without respect to food. Take with water; avoid administration with fruit juices; shake suspension well before use ; do not use a household teaspoon.","Note : Use of the once-daily formulation is not recommended in patients with eGFR <50 mL/minute/1.73 m2 or on renal replacement therapies Altered kidney function : • eGFR ≥50 mL/minute/1.73 m2: Oral: No dosage adjustment necessary. • eGFR 10 to <50 mL/minute/1.73 m2: Oral: 60 mg every 12 to 24 hours. • eGFR <10 mL/minute/1.73 m2: Oral: 60 mg every 24 hours. Dosing: Liver Impairment: Adult no dosage adjustments","Warnings/Precautio ns Disease-related concerns: • Renal impairment warnings/precautio ns: • do not exceed recommended dosage or administer at the same time with aluminum or magnesium antacids or with fruit juices. Warnings: Additional Pediatric Considerations Safety and efficacy for the use of cough and cold products in pediatric patients <4 years of age is limited; the AAP warns against the use of these products for respiratory illnesses in young children. Serious adverse effects including death have been reported. The FDA does not recommend OTC uses for these products in pediatric patients <2 years of age and recommends to use with caution in pediatric patients ≥2 years of age."
"5","Levocetirizine","ยาลดน้ำมูก antihistamine","Allergic rhinitis (OTC only): Oral: 5 mg once daily (in the evening); some patients with less severe symptoms may experience relief with 2.5 mg once daily; maximum dose: 5 mg/day. Dosing: Older Adult Refer to adult dosing; dosing should begin at the lower end of the dosing range.","Allergic rhinitis, perennial: • Infants ≥6 months and Children ≤5 years: Oral: 1.25 mg once daily (in the evening). • Children 6 to 11 years: Oral: 2.5 mg once daily (in the evening). • Children ≥12 years and Adolescents: Oral: 5 mg once daily (in the evening); some patients may experience relief of symptoms with 2.5 mg once daily. Hay fever and other respiratory allergies: • Children 2 to 5 years: Oral: 1.25 mg once daily (in the evening). • Children 6 to 11 years: Oral: 2.5 mg once daily (in the evening). • Children ≥12 years and Adolescents: Oral: 2.5 to 5 mg once daily (in the evening); dose based on symptom severity","Dosing: Kidney Impairment: Adult • CrCl >80 mL/minute: No dosage adjustment necessary. • CrCl 50 to 80 mL/minute: 2.5 mg once daily. • CrCl 30 to 50 mL/minute: 2.5 mg once every other day. • CrCl 10 to 30 mL/minute: 2.5 mg twice weekly (every 3 or 4 days). • CrCl <10 mL/minute: Use is contraindicated. Dosing: Liver Impairment: Adult No dosage adjustment.","Contraindications hypersensitivity to levocetirizine, cetirizine ; end-stage renal disease (CrCl <10 mL/minute); hemodialysis; infants and children 6 months to 11 years of age with renal impairment Warnings/Precautio ns • CNS depression: must be cautioned (eg, operating machinery or driving). • Pruritus: within several days after stopping levocetirizine, usually after long-term (eg, months to years) • Renal impairment: • Urinary retention: discontinue if urinary retention occurs. Special populations: • Older adult: Use with caution in older adults."
"6","Desloratadine","ยาลดน้ำมูก antihistamine .","Allergic rhinitis, perennial or seasonal: Oral: 5 mg once daily. Dosing: Older Adult Refer to adult dosing.","Allergic rhinitis, perennial: • Infants 6 to ≤11 months: Oral: 1 mg once daily. • Children ≤5 years: Oral: 1.25 mg once daily. • Children 6 to ≤11 years: Oral: 2.5 mg once daily. • Children ≥12 years and Adolescents: Oral: 5 mg once daily. Allergic rhinitis, seasonal: • Children 2 to ≤5 years: Oral: 1.25 mg once daily. • Children 6 to ≤11 years: Oral: 2.5 mg once daily. • Children ≥12 years and Adolescents: Oral: 5 mg once daily.","Dosing: Kidney Impairment: Adult Moderate to severe impairment: No dosage adjustment ; use with caution in severe impairment. Dosing: Liver Impairment: Adult No dosage adjustment","Warnings/Precautio ns •Hypersensitivity reactions (anaphylaxis); discontinue therapy immediately • Hepatic impairment • Renal impairment • Sedatives: Effects may be potentiated when used with other sedative drugs or ethanol. Special populations: • Slow metabolizers: Use with caution (incidence of side effects may be increased). Warnings: Additional Pediatric Considerations • Desloratadine may increase susceptibility to seizures in pediatric patients"
"6","Bilastine","ยาลดน้ำมูก antihistamine ออกฤทธิ์ยาวนานที่สุด","Allergic rhinitis: Oral: 20 mg once daily (maximum: 20 mg/day). Administration: Adult Oral: Administer with water 1 hour before or 2 hours after intake of food or fruit juices (กินตอนท้อง ว่าง) Dosing: Older Adult Refer to adult dosing.","Allergic rhinitis, seasonal: • Children ≥4 to 11 years weighing ≥16 kg: Oral: 10 mg once daily. • Children ≥12 years and Adolescents: Oral: 20 mg once daily. Administration: Pediatric • Oral: Administer with water 1 hour before or 2 hours after intake of food or fruit juices (กินตอน ท้องว่าง)","Dosing: Kidney Impairment: Adult No dosage adjustment. Dosing: Liver Impairment: Adult No dosage adjustment.","Contraindications Hypersensitivity to bilastine; history of QT prolongation and/or torsades de pointes, Warnings/Precautio ns • Use caution in patients with a history of cardiac arrhythmia, significant bradycardia, a family history of sudden cardiac death, electrolyte abnormalities (eg, hypokalemia, hypomagnesemia), or with concomitant use of other QTc-prolonging drugs."
"7","Decolgen prin /TIFFY DEY (Paracetamol 500 มิลลิกรัม + Chlorpheniramine maleate 2 มิลลิกรัม + Phenylephrine HCl 10 มิลลิกรัม) ส่วน (TIFFY SYRUP) ใน 1 ช้อนชา (5 มิลลิลิตร) จะประกอบไป ด้วยตัวยาพารา เซตามอล 120 มิลลิกรัม + คลอร์เฟนิรามีน 1 มิลลิกรัม + ฟีนิลเอฟรีน 5 มิลลิกรัม)","Antipyretic และยา ลดน้ำมูก (antihistamine) และ ยาแก้คัดจมูก (decongestant) ใช้สำหรับบรรเทา อาการโรคหวัด เมื่อมี อาการ ไข้ ปวดหัว น้ำมูกไหล และคัด จมูก","ดีคอลเจน พริน (Decolgen prin) / ทิฟฟี่ เดย์ (TIFFY DEY) เป็นยาที่เหมาะกับอาการไข้หวัดที่มี อาการแพ้ เช่น ไอ จาม และมีน้ำมูกมาก สำหรับยา เม็ด ผู้ใหญ่ ให้รับประทานยาครั้งละ 1-2 เม็ด ทุก 4-6 ชั่วโมง เด็กอายุ 6-12 ปี ให้รับประทานยาครั้งละ 1 เม็ด ทุก 4-6 ชั่วโมง สำหรับยาน้ำเชื่อมทิฟฟี่ ไซรัป (TIFFY SYRUP) ใน 1 ช้อนชา (5 มิลลิลิตร) จะ ประกอบไปด้วยตัวยาพาราเซตามอล 120 มิลลิกรัม + คลอร์เฟนิรามีน 1 มิลลิกรัม + ฟีนิลเอฟรีน 5 มิลลิกรัม ผู้ใหญ่ ให้รับประทานยาครั้งละ 2 ช้อนชา ทุก 4-6 ชั่วโมง เด็กอายุ 6-12 ปี ให้รับประทานยาค รั้งละ 1-2 ช้อนชา ทุก 4-6 ชั่วโมง เด็กอายุ 3-6 ปี ให้ รับประทานยาครั้งละ 1 ช้อนชา ทุก 4-6 ชั่วโมง เด็ก อายุ 1-3 ปี ให้รับประทานยาครั้งละ ½-1 ช้อนชา ทุก 4-6 ชั่วโมง","ดีคอลเจน พริน (Decolgen prin) / ทิฟฟี่ เดย์ (TIFFY DEY) เป็นยาที่เหมาะกับอาการไข้หวัดที่มี อาการแพ้ เช่น ไอ จาม และมีน้ำมูกมาก สำหรับยา เม็ด ผู้ใหญ่ ให้รับประทานยาครั้งละ 1-2 เม็ด ทุก 4-6 ชั่วโมง เด็กอายุ 6-12 ปี ให้รับประทานยาครั้งละ 1 เม็ด ทุก 4-6 ชั่วโมง สำหรับยาน้ำเชื่อมทิฟฟี่ ไซรัป (TIFFY SYRUP) ใน 1 ช้อนชา (5 มิลลิลิตร) จะ ประกอบไปด้วยตัวยาพาราเซตามอล 120 มิลลิกรัม + คลอร์เฟนิรามีน 1 มิลลิกรัม + ฟีนิลเอฟรีน 5 มิลลิกรัม ผู้ใหญ่ ให้รับประทานยาครั้งละ 2 ช้อนชา ทุก 4-6 ชั่วโมง เด็กอายุ 6-12 ปี ให้รับประทานยาค รั้งละ 1-2 ช้อนชา ทุก 4-6 ชั่วโมง เด็กอายุ 3-6 ปี ให้ รับประทานยาครั้งละ 1 ช้อนชา ทุก 4-6 ชั่วโมง เด็ก อายุ 1-3 ปี ให้รับประทานยาครั้งละ ½-1 ช้อนชา ทุก 4-6 ชั่วโมง","ระมัดระวังการใช้ ในผู้ที่มีภาวะตับหรือไต ทำงานผิดปกติ","ข้อห้าม/ข้อควรระวัง • ห้ามใช้ในผู้ที่มี ประวัติการแพ้ ส่วนประกอบหรือตัวยา ใดในยานี้ • ห้ามใช้ยานี้ร่วมกับยาก ลุ่ม Monoamine oxidase inhibitors (MAOIs) ที่มีตัวยา Phenylephrine เป็น ส่วนประกอบ • ห้ามใช้กับผู้ป่วยความ ดันโลหิตสูง โรค เบาหวาน โรคหัวใจ โรค หลอดเลือด โรคไต หรือ โรคของต่อมไทรอยด์ นอกจากแพทย์สั่ง (สำหรับผู้ป่วยเบาหวาน ยาฟีนิลเอฟรีนอาจทำให้ เสี่ยงต่อการเกิดโรค หัวใจและหลอดเพิ่มขึ้น แต่ไม่ได้ทำให้น้ำตาลใน เลือดเพิ่มขึ้นแต่อย่าง ใด) • ห้ามใช้ยานี้ในเด็กอายุ ต่ำกว่า 1 ปี ผู้ที่กำลังมี อาการหอบหืด โรค ต้อหิน (ยานี้อาจทำให้ ความดันภายในตาเพิ่ม ขึ้น) ต่อมลูกหมากโต หรือปัสสาวะขัด นอกจากแพทย์สั่ง • ไม่ควรใช้ยานี้ติดต่อ กันเกิน 5 วัน หรือเกิน กว่าขนาดที่กำหนด เพราะจะทำให้เป็นพิษ ต่อตับได้ • เลี่ยงการรับประทานยา ร่วมกับเครื่องดื่มที่มี แอลกอฮอล์ • ระวังการใช้ยานี้ร่วมกับ ยาที่มีฤทธิ์กดประสาท ส่วนกลาง เช่น ยานอน หลับ ยาต้านอาการซึม เศร้าชนิดต่าง ๆ ยาที่มี ฤทธิ์แอนติโคลิเนอร์จิก • ควรระมัดระวังการใช้ ยานี้กับผู้ป่วยโรคความ ดันโลหิตสูง โรคหัวใจ และหลอดเลือด โรค ของต่อมไทรอยด์ ผู้ที่มี ภาวะตับหรือไตทำงาน ผิดปกติ และผู้ที่มีประวัติ เป็นโรคหอบหืด ภูมิแพ้ โรคริดสีดวงจมูก หรือ โรคถุงลมโป่งพอง • ควรระมัดระวังการใช้ ยาในหญิงตั้งครรภ์ (โดย เฉพาะหญิงตั้งครรภ์ ระยะ 3 เดือนแรก) และ หญิงให้นมบุตร ซึ่งการ ใช้ยาในผู้ป่วยกลุ่มนี้จะ ต้องเป็นไปตามคำสั่ง ของแพทย์เท่านั้น • ระวังการใช้ยานี้ในเด็ก และผู้สูงอายุ โดยเฉพาะ ในเด็กอายุต่ำกว่า 7 ปี การใช้ยาจะต้องอยู่ใน ดุลยพินิจของแพทย์ เท่านั้น (เด็กและผู้ สูงอายุจะไวต่อยานี้มาก ขึ้น ทำให้ง่วงนอน วิงเวียน ประสาทหลอน ความดันโลหิตต่ำ นอน ไม่หลับ ปากแห้ง ปัสสาวะคั่ง และบางราย อาจมีอาการชักได้) • ยานี้อาจทำให้เกิด อาการง่วงนอน วิงเวียน สับสน ปากแห้ง ตาพร่า เสมหะเหนียวข้น ปัสสาวะขัด และ เม็ดเลือดผิดปกติได้ • หลังใช้ยา : ระมัดระวัง ในการขับขี่ยานพาหนะ หรือทำงานเกี่ยวกับ เครื่องจักร หรือทำงานที่ เสี่ยงต่อการพลัดตกจาก ที่สูง"
"8","Paracetamol","antipyretic Analgesic ลดไข้ แก้ปวด","Pain (mild to moderate) or fever: Oral: 325 to 650 mg every 4 to 6 hours as needed or 1 g every 6 hours as needed; maximum dose: 4 g/day (Ref). See ""Note"" above regarding maximum dose. OTC labeling (patient-guided therapy): Note: Dosage recommendations, including maximum doses, vary among OTC manufacturers. Immediate release: Regular strength (325 mg/tablet): 2 tablets (650 mg) every 4 to 6 hours as needed; maximum daily dose: 10 tablets/day (3.25 g/day). Extra strength (500 mg/tablet): 2 tablets (1 g) every 6 hours as needed; maximum daily dose: 6 tablets/day (3 g/day). Extended release (650 mg/tablet): 2 tablets (1.3 g) every 8 hours as needed; maximum daily dose: 6 tablets/day (3.9 g/day).","Pain (mild to moderate) or fever: Oral: Weight-directed dosing: Infants, Children, and Adolescents: 10 to 15 mg/kg/dose every 4 to 6 hours as needed; do not exceed 5 doses in 24 hours; maximum daily dose: 75 mg/kg/day not to exceed 4,000 mg/day Fixed dosing: Oral suspension, chewable tablets: Infants and Children <12 years: Consult specific product formulations for appropriate age groups. See table; use of weight to select dose is preferred; if weight is not available, then use age; doses may be repeated every 4 hours; maximum: 5 doses/day. Immediate-release solid dosage formulations: Note: Actual OTC dosing recommendations may vary by product and/or manufacturer: Children 6 to 11 years: 325 mg every 4 to 6 hours; maximum daily dose: 1,625 mg/day; Note: Do not use more than 5 days unless directed by a physician. Children ≥12 years and Adolescents: Regular strength: 650 mg every 4 to 6 hours; maximum daily dose: 3,250 mg/day unless directed by a physician; under physician supervision daily doses ≤4,000 mg may be used. Extra strength: 1,000 mg every 6 hours; maximum daily dose: 3,000 mg/day unless directed by a physician; under physician supervision daily doses ≤4,000 mg may be used. Extended release: Children ≥12 years and Adolescents: 1,300 mg every 8 hours; maximum daily dose: 3,900 mg/day.

[Nested table: Acetaminophen Dosing (Oral)]
Weight (kg) | Weight (lbs) | Age | Dosage (mg)
2.7 to 5.3 | 6 to 11 | 0 to 3 mo | 40
5.4 to 8.1 | 12 to 17 | 4 to 11 mo | 80
8.2 to 10.8 | 18 to 23 | 1 to 2 y | 120
10.9 to 16.3 | 24 to 35 | 2 to 3 y | 160
16.4 to 21.7 | 36 to 47 | 4 to 5 y | 240
21.8 to 27.2 | 48 to 59 | 6 to 8 y | 320 to 325
27.3 to 32.6 | 60 to 71 | 9 to 10 y | 325 to 400
32.7 to 43.2 | 72 to 95 | 11 y | 480 to 500
Note: Manufacturer's recommendations are based on weight in pounds (OTC labeling); weight in kg listed here is derived from pounds and rounded; kg weight listed also is adjusted to allow for continuous weight ranges in kg. OTC labeling instructs consumer to consult with physician for dosing instructions in infants and children under 2 years of age.","Dosing: Kidney Impairment: Adult Altered kidney function: Mild to severe impairment: IV, Oral, Rectal: No dosage adjustment likely to be necessary. The manufacturer's labeling for IV acetaminophen states that longer dosing intervals and a reduced total daily dose may be warranted in patients with severe kidney impairment (CrCl ≤30 mL/minute); however, acetaminophen concentrations and half-life are increased but similar to those in patients with normal renal function Glucuronide and sulfate conjugate metabolites accumulate in renal impairment, but the clinical effects are unknown Dosing: Kidney Impairment: Pediatric Altered kidney function: Infants, Children, and Adolescents: Oral, rectal: Mild to severe impairment: There are no dosage adjustments provided in the manufacturer's labeling; based on adult pharmacokinetic studies, dosage adjustment may not be necessary for short courses. In adult pharmacokinetic studies, plasma concentrations of acetaminophen did not differ in renal impairment patients when compared to healthy patients for short courses of treatment (ie, 3 days); however, accumulation of the glucuronide and sulfate conjugate metabolites in renal impairment has been described following a single dose of acetaminophen up to repeat dosing for 10 days; the clinical significance of this finding is unknown","Warnings/Precautio ns Disease-related concerns:. • Hepatic impairment: Use with caution in patients with hepatic impairment or active liver disease; use of the IV formulation is contraindicated in patients with severe hepatic impairment or severe active liver disease. • Hypovolemia: Use the IV formulation with caution in patients with severe hypovolemia (eg, due to dehydration or blood loss). Warnings: Additional Pediatric Considerations Prophylactic use of acetaminophen to reduce fever and discomfort associated with vaccination is not recommended by the Advisory Committee on Immunization Practices (ACIP)."
"9","Aspirin","antipyretic Analgesic ลดไข้ แก้ปวด","Dosing: Adult Pain or fever: Immediate release: Oral: 325 mg to 1 g every 4 to 6 hours as needed; usual maximum daily dose: 4 g/day . Note: If patient cannot take orally, a rectal suppository (300 mg) is available.","Dosing: Pediatric Analgesic: Note: Do not use aspirin in pediatric patients <18 years who have or who are recovering from chickenpox or flu symptoms (eg, viral illness) due to the association with Reye syndrome. Rectal suppository may not be appropriate for all doses. Infants and Children <12 years: Limited data available: Oral, rectal: 10 to 15 mg/kg/dose (maximum dose: 650 mg/dose) every 4 to 6 hours as needed; maximum daily dose: 90 mg/kg/day or 3,900 mg/day, whichever is less . Children ≥12 years and Adolescents: Oral, rectal: 325 to 650 mg every 4 to 6 hours as needed; maximum daily dose: 3,900 mg/day","Dosing: Kidney Impairment: Adult Analgesia or anti-inflammatory uses: CrCl >10 mL/minute: No dosage adjustment necessary; however, high doses have been associated with acute kidney injury (AKI) (Ref). Use lowest effective dosage and limit duration of therapy, particularly for patients at high risk for developing AKI (eg, patients with chronic kidney disease, volume depletion, older age) (Ref). CrCl <10 mL/minute: Avoid use (Ref). May exacerbate uremic GI and hematologic symptoms Dosing: Pediatric Analgesic: Note: Do not use aspirin in pediatric patients <18 years who have or who are recovering from chickenpox or flu symptoms (eg, viral illness) due to the association with Reye syndrome. Rectal suppository may not be appropriate for all doses. Infants and Children <12 years: Limited data available: Oral, rectal: 10 to 15 mg/kg/dose (maximum dose: 650 mg/dose) every 4 to 6 hours as needed; maximum daily dose: 90 mg/kg/day or 3,900 mg/day, whichever is less . Children ≥12 years and Adolescents: Oral, rectal: 325 to 650 mg every 4 to 6 hours as needed; maximum daily dose: 3,900 mg/day .Anti-inflammatory: Limited data available: Infants, Children, and Adolescents: Oral: Initial: 60 to 90 mg/kg/day in divided doses; usual maintenance: 80 to 100 mg/kg/day divided every 6 to 8 hours; monitor serum concentrations (Ref). Note: Although included in some product labeling, the use of salicylates including aspirin for the treatment of juvenile idiopathic arthritis has been replaced by other pharmacologic agents with improved efficacy and adverse effect profiles (eg, nonsalicylate nonsteroidal anti-inflammatory drugs, disease-modifying antirheumatic drugs, glucocorticoids, biologic modifiers)","Contraindications Hypersensitivity to NSAIDs; patients with asthma, rhinitis, and nasal polyps; use in children or teenagers for viral infections, with or without fever. Warnings/Precautio ns Disease-related concerns: • Bariatric surgery: Presurgical assessment of the indication for use, symptoms, and goals of therapy should be documented to enable postsurgical assessment. Aspirin use following bariatric surgery is controversial; while efficacy may improve, the risk of adverse effects may increase • Bleeding disorders: Use with caution in patients with platelet and bleeding disorders. • Dehydration: Use with caution in patients with dehydration . • Ethanol use: Heavy ethanol use (>3 drinks/day) can increase bleeding risks . • Gastrointestinal disease: Use with caution in patients with erosive gastritis. Avoid use in patients with active peptic ulcer disease. • Hepatic impairment: Avoid use in severe hepatic failure. • Renal impairment: Use high dosages impairment Warnings: Additional Pediatric Considerations Do not use aspirin in pediatric patients <18 years of age who have or who are recovering from chickenpox or flu symptoms when using aspirin, changes in behavior ) may be an early sign of Reye syndrome; instruct patients and caregivers to contact their health care provider if these symptoms occur; patients should be kept current on their influenza and varicella immunizations. Although Reye syndrome has been observed in patients receiving prolonged, high-dose aspirin therapy after Kawasaki disease presentation; it has not been observed in pediatric patients receiving low (antiplatelet) dosing regimens. Patients with Kawasaki disease and presenting with influenza or viral illness should not receive aspirin; acetaminophen is suggested as an antipyretic in these patients, and an alternate antiplatelet agent is suggested for a minimum of 2 weeks"
"10","Ibuprofen","antipyretic Analgesic ลดไข้ แก้ปวด","Dosing: Adult Anti-inflammatory (eg, for arthritis associated with rheumatic disease): Oral: 400 to 800 mg every 6 to 8 hours; maximum dose: 3.2 g/day. Some experts generally recommend a maximum dose of 2.4 g/day for chronic use, except during a disease flare when up to 3.2 g/day may be considered for several weeks until flare resolves . Dysmenorrhea Oral: Initial: 400 mg every 4 hours as needed or 600 to 800 mg every 6 to 8 hours as needed; maximum dose: 3.2 g/day. Begin at menses onset or 1 to 2 days prior to onset of menses for severe symptoms; usual duration: 1 to 5 days . Fever (alternative agent): IV, Oral: 200 to 400 mg every 4 to 6 hours as needed; if fever persists, may titrate up to 600 to 800 mg every 6 hours as needed; maximum dose: 3.2 g/day . OTC labeling (patient-guided therapy): Oral: 200 mg every 4 to 6 hours as needed; if no relief, may increase to 400 mg every 4 to 6 hours as needed; maximum dose: 1.2 g/day. Use for >3 days is not recommended unless directed by health care provider. Gout, treatment, acute flares (off-label use): Oral: Initial: 800 mg every 8 hours within 24 to 48 hours of flare onset; reduce dose as symptoms improve. Discontinue a few days after resolution of clinical signs (usual total duration: 5 to 7 days); longer duration may be required if therapy is delayed . Migraine, acute treatment Note: Limit use to ≤14 days per month to avoid medication-overuse headache . For use as monotherapy in mild to moderate attacks not associated with vomiting or severe nausea; may be used in combination with triptans for severe migraine . Administration early in the course of a migraine attack, at the first sign of pain, may improve response to treatment . Oral: 400 to 600 mg once . OTC labeling (patient-guided therapy): Oral: 400 mg at onset of symptoms. Pain IV, Oral: 200 to 400 mg every 4 to 6 hours as needed or 600 to 800 mg every 6 to 8 hours as needed; maximum dose: 3.2 g/day . For postoperative pain, doses may be scheduled initially . Some experts suggest a usual maximum of 2.4 g/day for chronic use due to increased adverse effects with higher doses . OTC labeling (patient-guided therapy): Oral: 200 mg every 4 to 6 hours as needed; if no relief, may increase to 400 mg every 4 to 6 hours as needed; maximum dose: 1.2 g/day. Use for >10 days is not recommended unless directed by health care provider.","Dosing: Pediatric -Pain Oral: Weight-directed dosing: Infants, Children, and Adolescents: Limited data available in infants <6 months: Oral: 4 to 10 mg/kg/dose (maximum dose: 600 mg/dose) every 6 to 8 hours; maximum daily dose: 40 mg/kg/day or 2,400 mg/day, whichever is less (Ref). Fixed dosing: Infants ≥6 months and Children ≤11 years: Oral: See table based upon manufacturer's labeling; use of weight to select dose is preferred; if weight is not available, then use age; doses may be repeated every 6 to 8 hours; maximum: 4 doses/day; treatment of sore throat for >2 days or use in infants and children <3 years of age with sore throat is not recommended, unless directed by health care provider -Fever. Oral: Weight-directed dosing: Infants ≥3 months weighing ≥5 kg, Children, and Adolescents: Limited data available in infants <6 months: Oral: 5 to 10 mg/kg/dose (maximum dose: 600 mg/dose) every 6 to 8 hours; maximum daily dose: 40 mg/kg/day or 2,400 mg/day, whichever is less (Ref). Fixed dosing: Note: Treatment for >3 days is not recommended unless directed by health care provider. Infants ≥6 months and Children ≤11 years: Oral: See table based upon manufacturer's labeling; use of weight to select dose is preferred; if weight is not available, then use age; doses may be repeated every 6 to 8 hours; maximum: 4 doses/day.

[Nested table: Ibuprofen Dosing]
Weight (kg) | Weight (lbs) | Age | Dosage (mg)
5.4 to 8.1 | 12 to 17 | 6 to 11 months | 50
8.2 to 10.8 | 18 to 23 | 12 to 23 months | 75 to 80
10.9 to 16.3 | 24 to 35 | 2 to 3 years | 100
16.4 to 21.7 | 36 to 47 | 4 to 5 years | 150
21.8 to 27.2 | 48 to 59 | 6 to 8 years | 200
27.3 to 32.6 | 60 to 71 | 9 to 10 years | 200 to 250
32.7 to 43.2 | 72 to 95 | 11 years | 300
Note: Manufacturer's recommendations are based on weight in pounds (OTC labeling); weight in kg listed here is derived from pounds and rounded; kg weight listed also is adjusted to allow for continuous weight ranges in kg.","Dosing: Kidney Impairment: Adult Altered kidney function: IV, Oral: CrCl ≥60 mL/minute: No dosage adjustment necessary (Ref). CrCl >30 to <60 mL/minute: No dosage adjustment necessary (Ref). Use of analgesics other than nonsteroidal anti-inflammatory drugs may be preferred. If necessary, use the lowest effective dose for the shortest duration possible; avoid in patients at high risk for acute kidney injury (ie, volume depleted, hypotensive, elderly, or taking concurrent nephrotoxic medications) (Ref). CrCl ≤ 30 mL/minute: Avoid use due to increased risk of acute kidney injury (Ref). Dosing: Kidney Impairment: Pediatric Infants, Children, and Adolescents: Oral, IV (Caldolor): There are no dosage adjustments provided in the manufacturer's labeling; avoid use in advanced disease. KDIGO guidelines provide the following recommendations for NSAIDs (Ref): eGFR 30 to <60 mL/minute/1.73 m2: Avoid use in patients with intercurrent disease that increases risk of acute kidney injury. eGFR <30 mL/minute/1.73 m2: Avoid use.","Contraindications Hypersensitivity to ibuprofen (eg, anaphylactic reactions, serious skin reactions) or any component of the formulation; history of asthma, urticaria, or allergic-type reaction to aspirin or other NSAIDs; aspirin triad (eg, bronchial asthma, aspirin intolerance, rhinitis); use in the setting of coronary artery bypass graft (CABG) surgery Warnings/Precautio ns Disease-related concerns: • Aseptic meningitis: May increase the risk of aseptic meningitis, especially in patients with systemic lupus erythematosus and mixed connective tissue disorders. • Asthma: Contraindicated in patients with aspirin-sensitive asthma; severe and potentially fatal bronchospasm may occur. Use caution in patients with other forms of asthma. • Bariatric surgery: Gastric ulceration: Avoid chronic use of oral nonselective NSAIDs after bariatric surgery; development of anastomotic ulcerations/perforatio ns may occur • Hepatic impairment: Use with caution in patients with hepatic impairment."
"12","Diclofenac","antipyretic Analgesic ลดไข้ แก้ปวด","Dosing: Adult Acute pain Oral: Diclofenac potassium or sodium formulations: 100 to 150 mg/day in divided doses as needed or scheduled (may choose immediate release [given in 2 to 4 divided doses], delayed release [given in 2 to 4 divided doses], or extended release [given once daily]); may administer 100 mg as an initial loading dose followed by a maintenance dose; maximum dose (after day 1): 150 mg/day . Oral: Diclofenac acid: 18 mg or 35 mg 3 times daily as needed or scheduled; maximum dose: 105 mg/day. Ankylosing spondylitis: Oral: Diclofenac potassium or sodium formulations: 100 to 150 mg/day in divided doses (may choose immediate release [given in 2 to 4 divided doses], delayed release [given in 2 to 4 divided doses], or extended release [given once daily]); maximum dose: 150 mg/day . Dysmenorrhea: Oral: Diclofenac potassium or sodium formulations: 150 mg/day in divided doses (may choose immediate release [given in 2 to 4 divided doses] or delayed release [given in 2 to 4 divided doses]); may administer 75 to 100 mg as an initial loading dose followed by a maintenance dose; maximum dose (after day 1): 150 mg/day. Begin at menses onset or 1 to 2 days prior to onset of menses for severe symptoms; usual duration: 1 to 5 days Gout, treatment, acute flares (off-label use): Oral: Diclofenac potassium or sodium formulations: 100 to 150 mg/day in divided doses (may choose immediate release [given in 2 to 4 divided doses], delayed release [given in 2 to 4 divided doses], or extended release [given once daily]). Initiate within 24 to 48 hours of flare onset; reduce dose as symptoms improve. Discontinue a few days after resolution of clinical signs (usual total duration: 5 to 7 days); longer duration may be required if therapy is delayed. Migraine, acute treatment: Oral (powder for oral solution or IR tablet): 50 to 100 mg as a single dose . Osteoarthritis: Oral: Diclofenac potassium or sodium formulations: 100 to 150 mg/day in divided doses (may choose immediate release [given in 2 to 4 divided doses], delayed release [given in 2 to 4 divided doses], or extended release [given once daily]); maximum dose: 150 mg/day. Oral: Diclofenac acid: 35 mg 3 times daily; maximum dose: 105 mg/day. Rheumatoid arthritis: Oral: Diclofenac potassium or sodium formulations: 100 mg/day in divided doses (may choose immediate release [given in 2 to 4 divided doses], delayed release [given in 2 to 4 divided doses], or extended release [given once or twice daily]); if needed, may increase to a maximum dose of 200 mg/day in divided doses","Dosing: Pediatric Acute pain Acute pain (mild to moderate): Children ≥12 years and Adolescents: Immediate-release capsule (Zipsor): Oral: 25 mg 4 times daily . Juvenile idiopathic arthritis Limited data available: Children and Adolescents: Immediate-release tablet: Oral: 2 to 3 mg/kg/day in divided doses 2 to 3 times daily; maximum daily dose: 150 mg/day . Migraine Limited data available: Children ≥12 years and Adolescents: Powder for oral solution (eg, Cambia): Oral: 50 mg (1 packet) as a single dose at onset of migraine . Juvenile idiopathic arthritis Limited data available: Children: Suppository (12.5 mg or 25 mg only): Rectal: 1 to 3 mg/kg/day in divided doses 2 to 3 times daily . Osteoarthritis Limited data available: Adolescents ≥16 years: Suppository (50 mg or 100 mg): Rectal: Insert 50 or 100 mg suppository at bedtime as a substitute for the last daily oral dose; maximum daily dose: 100 mg/day (oral and rectal) . Postoperative pain Limited data available: Rectal suppository (12.5, 25, or 50 mg): Children and Adolescents: Suppository (12.5 mg, 25 mg, or 50 mg): Rectal: Initial dose: 1 to 2 mg/kg/dose once followed by 1 mg/kg/dose 3 times daily; round dose to nearest available suppository size; maximum single dose: 50 mg/dose; maximum daily dose: 3 mg/kg/day; treatment should not exceed 4 days duration.","Dosing: Kidney Impairment: Adult Altered kidney function: Oral, rectal: CrCl ≥60 mL/minute: No dosage adjustment necessary CrCl >30 to <60 mL/minute: No dosage adjustment necessary . However, use of analgesics other than nonsteroidal anti-inflammatory drugs may be preferred. If necessary, use the lowest effective dose for the shortest duration possible; avoid in patients at high risk for acute kidney injury. CrCl ≤30 mL/minute: Avoid use due to increased risk of acute kidney injury Dosing: Kidney Impairment: Pediatric eGFR 30 to <60 mL/minute/1.73 m2: Temporarily discontinue in patients with intercurrent disease that increases risk of acute kidney injury eGFR <30 mL/minute/1.73 m2: Avoid use.","Contraindications Hypersensitivity to diclofenac (eg, anaphylactic reactions, serious skin reactions) or bovine protein (Zipsor only) or any component of the formulation; history of asthma, urticaria, or other allergic-type reactions after taking aspirin or other nonsteroidal anti-inflammatory drugs; use in the setting of coronary artery bypass graft surgery. Warnings/Precautio ns Concerns related to adverse effects: -Anaphylactoid reactions -Cardiovascular events -CNS effects -GI events -Hepatic effects - Renal effects -Hyperkalemia -Skin reactions/hypersensit ivity"
"15","Naproxen","antipyretic Analgesic ลดไข้ แก้ปวด","Dosing: Adult Anti-inflammatory (eg, for arthritis associated with rheumatic disease): Oral: Immediate release: 250 to 500 mg every 12 hours; maximum dose: 1.5 g/day. Delayed release: 375 to 500 mg every 12 hours; maximum dose: 1.5 g/day. Extended release: 750 mg to 1 g once daily; maximum dose: 1.5 g/day. Note: Some experts generally recommend a maximum dose of 1 g/day for chronic use, except during a disease flare when 1.25 to 1.5 g/day may be considered for several weeks until flare resolves . Dysmenorrhea, primary Oral: Immediate release: Initial: 500 mg once, begin at menses onset or 1 to 2 days prior to onset of menses for severe symptoms; then 500 mg every 12 hours as needed or 250 mg every 6 to 8 hours as needed; maximum dose: 1.25 g/day on day 1, then 1 g/day thereafter; usual duration: 1 to 5 days . Extended release: Initial: 1 g once daily as needed; begin at menses onset or 1 to 2 days prior to onset of menses for severe symptoms; may increase to a maximum of 1.5 g once daily if needed; usual duration: 1 to 5 days . Fever Oral: OTC labeling (patient-guided therapy): Immediate release: Initial: 200 to 400 mg once, followed by 200 mg every 8 to 12 hours as needed; maximum dose: 400 mg in any 8- to 12-hour period or 600 mg in a 24-hour period. Gout, prophylaxis during initiation of urate-lowering therapy Oral: Immediate release: 250 mg twice daily . Duration of prophylaxis: Patients without tophi: ≥3 to 6 months after initiating urate-lowering therapy . Patients with ≥1 tophi: Optimal duration is uncertain; some experts continue prophylaxis ≥6 months; some patients with severe disease may require >12 months prophylaxis . Gout, treatment, acute flares Oral: Immediate release: Initial: 500 mg twice daily within 24 to 48 hours of flare onset; reduce dose as symptoms improve. Discontinue a few days after resolution of clinical signs (usual total duration: 5 to 7 days); longer duration may be required if therapy is delayed . Extended release: Initial: 1 to 1.5 g once on day 1, followed by 1 g once daily starting on day 2; initiate within 24 to 48 hours of flare onset; reduce dose as symptoms improve. Discontinue a few days after resolution of clinical signs (usual total duration: 5 to 7 days); longer duration may be required if therapy is delayed . Migraine, acute treatment (off-label use): Note: For use as monotherapy in mild to moderate attacks not associated with vomiting or severe nausea; may be used in combination with triptans for severe migraine . Oral: Immediate release: 500 to 750 mg once . Pain Oral:Immediate release: Initial: 500 mg once, followed by 250 to 500 mg every 12 hours as needed or 250 mg every 6 to 8 hours as needed; maximum dose: 1.25 g on day 1, then 1 g/day thereafter. For postoperative pain, doses may be scheduled initially . Extended release: 1 g once daily; may increase to 1.5 g once daily for acute pain, then reduce to a usual maximum dose of 1 g/day. OTC labeling (patient-guided therapy): Immediate release: Initial: 200 to 400 mg once, followed by 200 mg every 8 to 12 hours as needed; maximum dose: 400 mg in any 8- to 12-hour period or 600 mg in a 24-hour period.","Dosing: Pediatric Fever: OTC labeling: Children ≥12 years and Adolescents: Immediate release (eg, Aleve): Oral: 200 mg every 8 to 12 hours; if needed may use 400 mg for the initial dose; maximum daily dose: 600 mg/day. Pain, mild to moderate: Children and Adolescents <60 kg: Limited data available: Oral: 5 to 7 mg/kg/dose every 8 to 12 hours; maximum daily dose: 1,000 mg/day Children and Adolescents ≥60 kg: Limited data available: Oral: 5 to 7 mg/kg/dose every 8 to 12 hours; maximum daily dose: 1,000 mg/day . Note: Usual adult dose is 500 mg once, followed by 250 to 500 mg every 12 hours as needed or 250 mg every 6 to 8 hours as needed OTC labeling: Children ≥12 years and Adolescents: Immediate release (eg, Aleve): Oral: 200 mg every 8 to 12 hours; if needed may use 400 mg for the initial dose; maximum daily dose: 600 mg/day. Migraine, treatment: Limited data available: Children >6 years and Adolescents: Immediate release, controlled/delayed release: Oral: 5 to 7 mg/kg/dose every 8 to 12 hours; maximum daily dose: 1,000 mg/day; dosing based on usual analgesic dosing for naproxen and migraine occurrence . Note: In pediatric patients ≥12 years of age, improved efficacy has been shown using a fixed-dose combination with sumatriptan; refer to Sumatriptan and Naproxen monograph for additional information.","Dosing: Kidney Impairment: Adult Altered kidney function: CrCl ≥60 mL/minute: Oral: No dosage adjustment necessary (<1% of unchanged drug excreted in the urine) . CrCl >30 to <60 mL/minute: Oral: No dosage adjustment necessary (<1% of unchanged drug excreted in the urine) . However, use the lowest effective dose for the shortest duration possible. Use of analgesics other than nonsteroidal anti-inflammatory drugs (NSAIDs) or topical NSAIDs may be preferred. Avoid use in patients at high risk for acute kidney injury (ie, volume depleted, hypotensive, elderly, or taking concurrent nephrotoxic medications) CrCl ≤30 mL/minute: Oral: Avoid use due to increased risk of acute kidney injury ; use of analgesics other than NSAIDs or topical NSAIDs are preferred. However, in select patients where alternatives are not effective, after careful assessment of risks versus benefits, use of naproxen may be considered; use the lowest effective dose for the shortest duration possible with close monitoring of kidney function Dosing: Kidney Impairment: Pediatric Children and Adolescents: Oral: eGFR ≥60 mL/minute/1.73 m2: No dosage adjustment necessary. eGFR 30 to <60 mL/minute/1.73 m2: There are no specific dosage adjustments provided in the manufacturer's labeling; use with caution and consider using a reduced dose. KDIGO guidelines recommend to temporarily discontinue in patients with intercurrent disease that increases risk of acute kidney injury eGFR <30 mL/minute/1.73 m2: Avoid use.","Contraindications Hypersensitivity to naproxen (eg, anaphylactic reactions, serious skin reactions) or any component of the formulation; history of asthma, urticaria, or allergic-type reactions after taking aspirin or other NSAIDs; use in the setting of coronary artery bypass graft (CABG) surgery Warnings/Precautio ns Concerns related to adverse effects: CNS effects, Hyperkalemia Disease-related concerns: Aseptic meningitis, Asthma, Hepatic impairment, Renal impairment Warnings: Additional Pediatric Considerations Macrophage activation syndrome has been observed in children and adolescents diagnosed with systemic juvenile idiopathic arthritis on daily nonsteroidal anti-inflammatory drug therapy for extended periods of time"
"17","Piroxicam","antipyretic Analgesic ลดไข้ แก้ปวด","Dosing: Adult Osteoarthritis, rheumatoid arthritis: Oral: 20 mg once daily. =","Dosing: Pediatric Juvenile idiopathic arthritis (JIA): Limited data available: Children and Adolescents: Fixed dosing : ≤15 kg; Oral: 5 mg once daily. 16 to <26 kg: Oral: 10 mg once daily. 26 to <46 kg: Oral: 15 mg once daily. ≥46 kg: Oral: 20 mg once daily. Weight-directed dosing: Oral: 0.3 to 0.4 mg/kg/day once daily; maximum daily dose: 20 mg/day","Dosing: Kidney Impairment: Adult Mild to moderate impairment: There are no dosage adjustments provided in the manufacturer’s labeling. Severe impairment: Use is not recommended Dosing: Kidney Impairment: Pediatric KDIGO 2012 guidelines provide the following recommendations for NSAIDs (KDIGO 2013): Children and Adolescents: eGFR 30 to <60 mL/minute/1.73 m2: Temporarily discontinue in patients with intercurrent disease that increases risk of acute kidney injury eGFR <30 mL/minute/1.73 m2: Avoid use","Contraindications Hypersensitivity (eg, anaphylactic reactions, serious skin reactions) to piroxicam or to any component of the formulation; patients who have experienced asthma, urticaria, or allergic-type reactions after taking aspirin or other nonsteroidal anti-inflammatory drugs; in the setting of coronary artery bypass graft (CABG) surgery Warnings/Precautio ns Concerns related to adverse effects: • Anaphylactoid reactions • Cardiovascular events • CNS effects • GI events • Hepatic effects • Hyperkalemia • Renal effects • Serum sickness • Skin reactions"
"18","Mefenamic acid","antipyretic Analgesic ลดไข้ แก้ปวด","Dosing: Adult Pain, mild to moderate: Oral: Initial: 500 mg, then 250 mg every 6 hours as needed; usually not to exceed 1 week. Dysmenorrhea, primary: Oral: Initial: 500 mg beginning at the onset of bleeding and associated symptoms, followed by 250 mg every 6 hours or 500 mg 3 times daily; usually not to exceed 3 days.","Dosing: Pediatric Dysmenorrhea, primary: Postmenarche patients: Oral: Initial: 500 mg beginning at the onset of bleeding and associated symptoms, followed by 250 mg every 6 hours; usual reported duration: 2 to 3 days. Pain, mild to moderate: Adolescents ≥14 years: Oral: Initial: 500 mg once, then 250 mg every 6 hours as needed. Note: Treatment duration generally does not exceed 7 days.","Dosing: Kidney Impairment: Adult Avoid use in patients with preexisting renal disease and in patients with advanced renal disease. KDIGO 2012 guidelines provide the following recommendations for NSAIDs: eGFR 30 to <60 mL/minute/1.73 m2: Temporarily discontinue in patients with intercurrent disease that increases risk of acute kidney injury. eGFR <30 mL/minute/1.73 m2: Avoid use. Dosing: Kidney Impairment: Pediatric Avoid use in patients with preexisting renal disease and in patients with advanced renal disease. KDIGO guidelines provide the following recommendations for NSAIDs eGFR 30 to <60 mL/minute/1.73 m2: Temporarily discontinue in patients with intercurrent disease that increases risk of acute kidney injury. eGFR <30 mL/minute/1.73 m2: Avoid use.","Contraindications Hypersensitivity to mefenamic acid, or any component of the formulation; use in the setting of coronary artery bypass graft (CABG) surgery; history of asthma, urticaria, or allergic-type reactions after taking aspirin or other NSAIDs. Canadian labeling: Additional contraindications (not in US labeling): Pregnancy (third trimester); breast-feeding; severe uncontrolled heart failure; active gastric, duodenal, or peptic ulcer; active gastrointestinal bleeding; cerebrovascular bleeding or other bleeding disorders; inflammatory bowel disease; severe hepatic impairment or active hepatic disease; severe renal impairment (CrCl <30 mL/minute) or deteriorating renal disease; known hyperkalemia; adolescents <18 years of age Warnings/Precautio ns Concerns related to adverse effects: • Anaphylactoid reactions • Cardiovascular events • CNS effects • Drug reaction with eosinophilia and systemic symptoms • GI events • Hematologic effects • Hepatic effects • Hyperkalemia • Renal effects • Skin reactions"
"19","Celecoxib","antipyretic Analgesic ลดไข้ แก้ปวด","Dosing: Adult Anti-inflammatory (eg, for arthritis associated with inflammatory rheumatic disease): Oral: Initial: 200 mg once daily or 100 mg twice daily; may increase to a maximum of 200 mg twice daily for several weeks during a disease flare until the flare resolves. Dysmenorrhea: Oral: Initial: 400 mg, followed by an additional 200 mg approximately 12 hours later, if needed, on day 1; maintenance dose: 200 mg twice daily as needed; maximum daily maintenance dose: 400 mg/day. Begin at menses onset or 1 to 2 days prior to onset of menses for severe symptoms; usual duration: 1 to 5 days Gout, treatment, acute flares (off-label use): Oral: Initial: 400 mg, followed by 200 mg approximately 12 hours later on day 1, then continue 200 mg twice daily thereafter; maximum daily maintenance dose: 400 mg/day. Initiate within 24 to 48 hours of flare onset; reduce dose as symptoms improve. Discontinue a few days after resolution of clinical signs (usual total duration: 5 to 7 days); longer duration may be required if therapy is delayed Migraine, acute treatment: Note: Limit use to ≤14 days per month to avoid medication-overuse headache .For use as monotherapy in mild to moderate attacks not associated with vomiting or severe nausea Administration early in the course of a migraine attack, at the first sign of pain, may improve response to treatment Oral: 120 mg as a single dose. Maximum: 120 mg per 24 hours Osteoarthritis: Oral: 200 mg/day in 1 or 2 divided doses; use the lowest effective dose for the shortest amount of time. Osteoarthritis: Oral: 200 mg/day in 1 or 2 divided doses; use the lowest effective dose for the shortest amount of time.","Dosing: Pediatric Juvenile idiopathic arthritis (JIA): Note: Use the lowest effective dose for the shortest duration of time, consistent with individual patient goals. Children ≥2 years and Adolescents: ≥10 kg to ≤25 kg: Oral: 50 mg twice daily. >25 kg: Oral: 100 mg twice daily.","Dosing: Kidney Impairment: Adult CrCl ≥60 mL/minute: Oral: No dosage adjustment necessary (<1% of the drug excreted in the urine) . CrCl >30 to <60 mL/minute: Oral: No dosage adjustment necessary (<1% of the drug excreted in the urine) . However, use the lowest effective dose for the shortest duration possible. Use of analgesics other than nonsteroidal anti-inflammatory drugs (NSAIDs) or topical NSAIDs may be preferred. Avoid use in patients at high risk for acute kidney injury (ie, volume depleted, hypotensive, elderly, or taking concurrent nephrotoxic medications) . CrCl ≤30 mL/minute: Oral: Avoid use due to increased risk of acute kidney injury ; Use of analgesics other than NSAIDs or topical NSAIDs are preferred. However, in select patients where alternatives are not effective, after careful assessment of risks versus benefits, use of celecoxib may be considered; use the lowest effective dose for the shortest duration possible with close monitoring of kidney function Dosing: Kidney Impairment: Pediatric Children ≥2 years and Adolescents: Oral: Baseline: Mild or moderate impairment: There are no dosage adjustments provided in the manufacturer's labeling; however, since <1% of the drug is excreted in the urine, dosage adjustment is not necessary . Based on unpublished data, AUC was ~40% lower in adult patients with chronic renal insufficiency (GFR 35 to 60 mL/minute) compared with subjects with normal renal function due to a higher apparent clearance. Severe impairment: Use is not recommended. Advanced renal disease: Use is not recommended; however, if celecoxib treatment cannot be avoided, monitor renal function closely.","Contraindications Hypersensitivity to celecoxib, sulfonamides, aspirin, other NSAIDs, or any component of the formulation; patients who have experienced asthma, urticaria, or allergic-type reactions after taking aspirin or other NSAIDs; use in the setting of CABG surgery. Canadian labeling: Additional contraindications (not in US labeling): Pregnancy (third trimester); women who are breast-feeding; severe, uncontrolled heart failure; active gastrointestinal ulcer (gastric, duodenal, peptic); active gastrointestinal bleeding; inflammatory bowel disease; cerebrovascular bleeding; severe liver impairment or active hepatic disease; severe renal impairment (CrCl <30 mL/minute) or deteriorating renal disease; known hyperkalemia; use in patients <18 years of age Warnings/Precautio ns Concerns related to adverse effects: • Medication-overuse headache • Sulfonamide (""sulfa"") allergy Disease-related concerns: • Asthma • Bariatric surgery • Cytochrome P450 isoenzyme 2C9 deficiency • Hepatic impairment • Renal impairment"
"20","Etoricoxib","antipyretic Analgesic ลดไข้ แก้ปวด","Ankylosing spondylitis, Rheumatoid arthritis Adult: 60 mg once daily, may increase to 90 mg once daily as necessary. Once patient is clinically stable, may reduce dose to 60 mg once daily. Use the lowest effective dose and follow the shortest possible duration of treatment. Osteoarthritis Adult: 30 mg once daily, may increase to 60 mg once daily as necessary. Use the lowest effective dose and follow the shortest possible duration of treatment. Acute gouty arthritis Adult: 120 mg once daily. Maximum treatment duration: 8 days. Acute pain Adult: For the treatment of postoperative dental surgery pain: 90 mg once daily. Maximum treatment duration: 3 days. Doses should only be given during the acute symptomatic period. Dosage recommendations may vary among countries or individual products (refer to specific product guidelines). Primary dysmenorrhoea Adult: For the treatment of acute pain: 120 mg once daily. Maximum treatment duration: 8 days. Doses should only be given during the acute symptomatic period. Dosage recommendations may vary among countries or individual products (refer to specific product guidelines).","Ankylosing spondylitis, Rheumatoid arthritis Child: ≥16 years Same as adult dose. Osteoarthritis Child: ≥16 years Same as adult dose. Acute gouty arthritis Child: ≥16 years Same as adult dose. Acute pain Child: ≥16 years Same as adult dose. Primary dysmenorrhoea Child: ≥16 years Same as adult dose.","Renal Impairment CrCl (mL/min) <30 contraindication","contraindication Hypersensitivity History of allergic-type reactions (e.g. bronchospasm, acute rhinitis, nasal polyps, angioneurotic oedema, or urticaria) after taking aspirin, NSAIDs, or other cyclooxygenase-2 (COX-2) inhibitors Active peptic ulceration or gastrointestinal haemorrhage Inflammatory bowel disease New York Heart Association (NYHA) class II–IV congestive heart failure Uncontrolled hypertension or persistent high blood pressure (>140/90 mmHg) Established ischaemic heart disease Peripheral arterial disease Cerebrovascular disease (including patients who have recently undergone coronary artery bypass graft surgery or angioplasty) Children and adolescents <16 years Renal impairment (CrCl <30 mL/min) Severe hepatic impairment (Child-Pugh ≥10) Pregnancy and lactation"
"21","Phenylephrine + Chlorpheniramine","decongestant +Antihistamine ยาแก้คัดจมูก และ ลด น้ำมูก ใช้ในผู้ที่มีอาการ น้ำมูกไหลและคัดจมูก ร่วมด้วย ไม่เหมาะกับเคสที่มี น้ำมูกข้นเหนียว","Dosing: Adult Upper respiratory tract conditions Oral: Note: Do not exceed recommended dosage. Chlorpheniramine dosing in terms of chlorpheniramine maleate; phenylephrine dosing in terms of phenylephrine hydrochloride: Liquid: Chlorpheniramine 4 mg and phenylephrine 10 mg per 5 mL: 5 mL every 4 hours (maximum: 30 mL per 24 hours). Tablet: Chlorpheniramine 4 mg and phenylephrine 10 mg: One tablet every 4 hours (maximum: 6 tablets per 24 hours).","Dosing: Pediatric Upper respiratory symptoms: Oral Liquid: Chlorpheniramine 4 mg/phenylephrine 10 mg per 5 mL (eg, Ed A-Hist liquid, Nohist LQ): Children 6 years to <12 years: 2.5 mL every 4 hours as needed. Maximum daily dose: 15 mL/24 hours. Children ≥12 years and Adolescents: 5 mL every 4 hours as needed. Maximum daily dose: 30 mL/24 hours. Tablet: Chlorpheniramine 4 mg/phenylephrine 10 mg per tablet: Children 6 years to <12 years: 1/2 tablet every 4 hours as needed. Maximum daily dose: 3 tablets/24 hours. Children ≥12 years and Adolescents: 1 tablet every 4 to 6 hours as needed. Maximum daily dose: 6 tablets/24 hours.","Dosing: Kidney Impairment: Adult Altered kidney function: eGFR >30 mL/minute/1.73 m2: No dosage adjustment necessary . eGFR ≤30 mL/minute/1.73 m2: No initial dosage adjustment necessary; however, greatly prolonged half-lives of chlorpheniramine in patients with severe kidney disease have been reported; use with caution Dosing: Kidney Impairment: Pediatric There are no dosage adjustments provided in the manufacturer's labeling.","Contraindications OTC labeling: When used for self-medication, do not use with or within 2 weeks of discontinuing monoamine oxidase inhibitor; to sedate a child. Warnings/Precautio ns Concerns related to adverse effects: • CNS depression: May cause CNS depression, which may impair physical or mental abilities; patients must be cautioned about performing tasks which require mental alertness Special populations: • Older adult: Use with caution in older adults; may be more sensitive to adverse effects. • Pediatric: Antihistamines may cause excitation in young children."
"22","Phenylephrine + Brompheniramine","decongestant +Antihistamine ยาแก้คัดจมูก และ ลด น้ำมูก ใช้ในผู้ที่มีอาการ น้ำมูกไหลและคัดจมูก ร่วมด้วย ไม่เหมาะกับเคสที่มี น้ำมูกข้นเหนียว","Dosing: Adult Upper respiratory tract conditions Oral: Note: These are general dosage guidelines; also refer to product specific dosing. All dosing is presented in terms of brompheniramine maleate and phenylephrine hydrochloride: Liquid: Brompheniramine 1 mg and phenylephrine 2.5 mg per 5 mL: 20 mL every 4 hours (maximum: 120 mL per 24 hours). Brompheniramine 2 mg and phenylephrine 5 mg per 5 mL: 10 mL every 4 hours (maximum: 60 mL per 24 hours). Brompheniramine 4 mg and phenylephrine 10 mg per 5 mL: 5 mL every 4 hours (maximum: 30 mL per 24 hours). Tablets: Brompheniramine 4 mg and phenylephrine 10 mg per tablet: One tablet every 4 hours (maximum: 6 tablets per 24 hours).","Dosing: Pediatric Cough and upper respiratory allergy symptoms: Liquid: Brompheniramine 1 mg/phenylephrine 2.5 mg per 5 mL (eg, Dimetapp, Dimaphen, Rynex PE): Oral: Children 6 to <12 years: 10 mL every 4 hours as needed; maximum daily dose: 60 mL/24 hours. Children ≥12 years and Adolescents: 20 mL every 4 hours as needed; maximum daily dose: 120 mL/24 hours. Brompheniramine 2 mg/phenylephrine 5 mg per 5 mL (eg, Maxi-Tuss PE): Oral: Children 6 to <12 years: 5 mL every 4 hours as needed; maximum daily dose: 30 mL/24 hours. Children ≥12 years and Adolescents: 10 mL every 4 hours as needed; maximum daily dose: 60 mL/24 hours. Brompheniramine 4 mg and phenylephrine 10 mg per 5 mL (eg, Glenmax PEB): Oral: Children ≥12 years and Adolescents: 5 mL every 4 hours; maximum daily dose: 30 mL/24 hours. Tablets: Brompheniramine 4 mg and phenylephrine 10 mg per tablet (eg, Ru-Hist D): Oral: Children 6 to <12 years: 1/2 tablet every 4 hours as needed; maximum daily dose: 3 tablets/24 hours (6 doses). Children ≥12 years and Adolescents: 1 tablet every 4 hours as needed; maximum daily dose: 6 tablets/24 hours.","Dosing: Kidney Impairment: Adult There are no dosage adjustments provided in the manufacturer's labeling. However, need for dosage adjustment unlikely as high molecular weight precludes filtration at the glomerulus Dosing: Kidney Impairment: Pediatric There are no dosage adjustments provided in the manufacturer's labeling.","Contraindications OTC labeling: When used for self-medication, do not use to sedate a child, or with or within 14 days of stopping monoamine oxidase inhibitor therapy. Significant drug interactions exist, requiring dose/frequency adjustment or avoidance. Consult drug interactions database for more information. Warnings/Precautio ns Concerns related to adverse effects: • CNS depression: May cause CNS depression, which may impair physical or mental abilities; patients must be cautioned about performing tasks that require mental alertness (eg, operating machinery, driving). Special populations: • Pediatric: Antihistamines may cause excitation in young children."
"23","Oxymetazoline","ยาแก้คัดจมูก (intranasal decongestant)","Dosing: Adult Nasal congestion Nasal congestion: Intranasal: Instill 2 to 3 sprays into each nostril twice daily (maximum dose: 2 doses/24 hours). Duration: Generally limit to 3 to 5 days of consecutive use due to risk of rhinitis medicamentosa . In patients with persistent symptoms despite use of first-line therapies, some guidelines suggest oxymetazoline may be offered in combination with an intranasal corticosteroid for up to 4 weeks with low risk of rhinitis medicamentosa","Dosing: Pediatric Nasal congestion: Note: Therapy should not exceed 3 days. Children 2 to <6 years: 0.025% solution: Intranasal: Instill 2 to 3 sprays into each nostril twice daily as needed; doses should be separated by 10 to 12 hours; maximum daily dose: 2 doses/24 hours. Children ≥6 years and Adolescents: 0.05% solution: Intranasal: Instill 2 to 3 sprays into each nostril twice daily; doses should be separated by 10 to 12 hours; maximum daily dose: 2 doses/24 hours.","Dosing: Kidney Impairment: Adult There are no dosage adjustments provided in manufacturer’s labeling. Dosing: Kidney Impairment: Pediatric There are no dosage adjustments provided in manufacturer's labeling.","Contraindications OTC labeling: When used for self-medication, do not use for more than 3 days. Warnings/Precautio ns Concerns related to adverse effects: • Local nasal effects: Temporary discomfort such as burning, stinging, sneezing, or an increased nasal discharge may occur. • Rebound nasal congestion: Frequent or prolonged use may cause nasal congestion to recur or worsen."
"24","Xylometazoline","ยาแก้คัดจมูก (intranasal decongestant)","Dosing: Adult Nasal congestion: Intranasal: Spray: 2 sprays in each nostril every 8 to 10 hours (maximum: 6 sprays in each nostril daily).","❌","Dosing: Kidney Impairment: Adult There are no dosage adjustments provided in the manufacturer's labeling.","Contraindications Hypersensitivity to xylometazoline or any component of the formulation; patients with transphenoidal hypophysectomy or surgery exposing the dura mater; narrow angle glaucoma; rhinitis sicca or atrophic rhinitis Warnings/Precautio ns Concerns related to adverse effects: • Rebound nasal congestion: Frequent or prolonged use may cause nasal congestion to recur or worsen."
"24","Naphazoline HCl","ยาแก้คัดจมูก (intranasal decongestant)","Dosing: Adult For temporary relief of cases due to common cold, upper respiratory allergy (e.g. hay fever) or sinusitis: As 0.05% nasal solution or drops: 1–2 drops into each nostril up to every 6 hours. Max treatment duration: 3 days.","Dosing: Pediatric Child: ≥12 years: As 0.05% nasal solution or drops: Same as adult dose.","Dosing: Kidney Impairment: Adult There are no dosage adjustments provided in the manufacturer's labeling and limited pharmacokinetic data are available. Dosing: Kidney Impairment: Pediatric There are no dosage adjustments provided in the manufacturer's labeling.","Contraindications Angle-closure glaucoma. Ophthalmic: Narrow chamber angle, previous attack of acute glaucoma due to a narrow chamber angle, iritis or corneal damage; serious eye disease or previous eye surgery. Use prior to peripheral iridectomy in eyes that are susceptible to angle closure. Concomitant use or within 14 days of stopping MAOIs. Special PrecautionsPatient with hypertension, CV disease (e.g. heart failure, coronary artery disease), diabetes mellitus, hyperthyroidism, benign prostatic hyperplasia, arteriosclerosis, depression; ophthalmic infection or injury. Children and elderly. Pregnancy and lactation. Adverse Reactions Significant: Rebound nasal congestion or ocular hyperaemia (frequent or prolonged use). Ophthalmic: May liberate pigment granules from the iris (particularly when high doses are given in the elderly). Eye disorders: Eye irritation, eye pain, blurred vision, mydriasis. Gastrointestinal disorders: Nausea. Immune system disorders: Hypersensitivity reactions. Nervous system disorders: Dizziness, headache. Respiratory, thoracic and mediastinal disorders: Transient burning or stinging sensation of the nose, sneezing, rhinorrhoea."
"25","Mometasone furoate","intranasal corticosteriod","Clinical considerations: For patients with mucous crusting, rinsing with saline nasal spray 10 to 15 minutes prior to mometasone administration can remove mucous crusting and improve nasal coating (Ref). If nasal obstruction is so severe that sprays cannot penetrate when treating rhinitis, consider concomitant use of an intranasal decongestant for up to 5 days Rhinosinusitus, acute bacterial: 2 sprays in each nostril twice daily (total daily dose: 400 mcg); if inadequate symptom control, may increase to 4 sprays in each nostril twice daily (total daily dose: 800 mcg) Rhinosinusitis, chronic, with nasal polyps: Note: A 1- to 3-month course of nasal corticosteroids is part of a multimodal approach (including intranasal saline) to initial treatment of chronic rhinosinusitis; also used as part of multimodal for maintenance therapy after symptom control is achieved Intranasal (50 mcg/spray): 2 sprays in each nostril twice daily; 2 sprays (100 mcg) in each nostril once daily may be effective in some patients. Maximum daily dose: 400 mcg. Rhinosinusitis, chronic, without nasal polyps (off-label use): Intranasal (50 mcg/spray): 2 sprays in each nostril once or twice daily (maximum daily dose: 400 mcg)","❌","No dosage adjustment","• Contraindications ; Hypersensitivity to mometasone or any component of the formulation. When used for self-medication, do not use to treat asthma, if nose injury or surgery is not fully healed, or in children <2 years of age. • Warnings/ Precautions • Adrenal suppression: When recommended doses are exceeded, or in extremely sensitive individuals, may cause hypercortisolism or suppression of hypothalamic-pituitar y-adrenal (HPA) axis. Reports consistent with hypercortisolism are rare. HPA axis suppression may lead to adrenal crisis. Withdrawal and discontinuation of a corticosteroid should be done slowly and carefully. Fatalities have occurred due to adrenal insufficiency in asthmatic patients during and after transfer from systemic corticosteroids to aerosol steroids; aerosol steroids do not provide the systemic steroid needed to treat patients having trauma, surgery, or infections. • Delayed wound healing: Avoid nasal corticosteroid use in patients with recent nasal septal ulcers, nasal surgery, or nasal trauma until healing has occurred. • Hypersensitivity reactions: Hypersensitivity reactions, including rash, pruritus, angioedema, and wheezing, have been reported; discontinue if such reactions occur. •Immunosuppression: Prolonged use of corticosteroids may also increase the incidence of secondary infection, mask acute infection (including fungal infections), prolong or exacerbate viral infections, or limit response to vaccines. Avoid exposure to chickenpox and/or measles, especially if not immunized. • Local nasal effects: Nasal septum perforation, epistaxis, irritation, and infection of the nose and/or pharynx may occur. Periodically examine nasal mucosa; discontinuation of therapy may be necessary if an infection occurs. Disease-related concerns: • Hepatic impairment: Use with caution in patients with hepatic impairment: drug accumulation may increase with severity of hepatic impairment. • Infections: Use with caution or avoid use in patients with tuberculosis (TB) disease (active TB) or infection (latent TB) of the respiratory tract; untreated systemic fungal, bacterial, viral, or parasitic infections; or ocular herpes simplex. Do not use in untreated localized infection involving the nasal mucosa; concurrent antimicrobial therapy should be administered if bacterial infection of the sinuses is suspected/confirmed. • Ocular disease: Use with caution in patients with cataracts and/or glaucoma; increased intraocular pressure, glaucoma, and cataracts have occurred with prolonged use. Consider routine eye exams in chronic users or in patients who report visual changes."
"27","Fluticasone furoate","intranasal corticosteriod","Clinical considerations: For patients with mucous crusting, rinsing with saline nasal spray 10 to 15 minutes prior to mometasone administration can remove mucous crusting and improve nasal coating (Ref). If nasal obstruction is so severe that sprays cannot penetrate when treating rhinitis, consider concomitant use of an intranasal decongestant for up to 5 days Rhinosinusitis, chronic, with nasal polyps: Note: A 1- to 3-month course of nasal corticosteroids is part of a multimodal approach (including intranasal saline) to initial treatment of chronic rhinosinusitis. Also used as part of multimodal maintenance therapy after symptom control is achieved. Fluticasone furoate (27.5 mcg/spray) (off-label use):Intranasal: Initial: 2 sprays in each nostril once daily. Some experts recommend increasing to 2 sprays in each nostril twice daily, if needed. Rhinosinusitis, chronic, without nasal polyps: Fluticasone furoate (27.5 mcg/spray) (off-label use):Intranasal: Initial: 2 sprays in each nostril once daily (maximum dose: 2 sprays per nostril per day)","❌","No dosage adjustment","• Contraindications ; Hypersensitivity to fluticasone or any component of the formulation. When used for self-medication, do not use in children <4 years of age (Flonase Allergy Relief) or children <2 years of age (Flonase Sensimist), for the treatment of asthma, or with current injury or surgery to nose that is not fully healed. • Warnings/ Precautions • Adrenal suppression: May cause hypercortisolism or suppression of hypothalamic-pituitar y-adrenal (HPA) axis, particularly in younger children or in patients receiving high doses for prolonged periods. HPA axis suppression may lead to adrenal crisis. Withdrawal and discontinuation of a corticosteroid should be done slowly and carefully. Pediatric patients may be more susceptible to systemic toxicity. Particular care is required when patients are transferred from systemic corticosteroids to inhaled products due to possible adrenal insufficiency or withdrawal from steroids, including an increase in allergic symptoms. Adult patients receiving ≥20 mg per day of prednisone (or equivalent) may be most susceptible. Concurrent use of ritonavir (and potentially other strong inhibitors of CYP3A4) may increase fluticasone levels and effects on HPA suppression. • Delayed wound healing: Avoid use in patients with recent nasal septal ulcers, nasal surgery, or nasal trauma until healing has occurred. • Hypersensitivity: Hypersensitivity reactions (including anaphylaxis, angioedema, rash, contact dermatitis, hypotension, bronchospasm, and urticaria) have been reported; discontinue for severe reactions. •Immunosuppression : Prolonged use of corticosteroids may also increase the incidence of secondary infection, mask acute infection (including fungal infections), prolong or exacerbate viral infections, or limit response to vaccines. Exposure to chickenpox and/or measles should be avoided, especially if not immunized; if the patient is exposed, prophylaxis with varicella zoster immune globulin or pooled intramuscular immunoglobulin, respectively, may be indicated; if chickenpox develops, treatment with antiviral agents may be considered. • Local nasal effects: Nasal septal perforation, nasal ulceration, nasal erosion, epistaxis, and localized Candida albicans infections of the nose and/or pharynx may occur. Monitor patients periodically for adverse nasal effects; discontinuation of therapy may be necessary if an infection occurs; discontinue therapy if nasal septal perforation occurs Disease-related concerns: • Hepatic impairment: Use with caution in patients with moderate to severe hepatic impairment (accumulation may occur); monitor patients closely. • Infections: Use caution or avoid use in patients with tuberculosis (TB) infection (latent TB) or disease (active TB) of the respiratory tract, systemic fungal, bacterial, viral, or parasitic infections, or ocular herpes simplex. Do not use in untreated localized infection involving the nasal mucosa; concurrent antimicrobial therapy should be administered if bacterial infection of the sinuses is suspected/confirmed. • Ocular disease: Use with caution in patients with cataracts and/or glaucoma; increased intraocular pressure, open-angle glaucoma, and cataracts have occurred with prolonged use. Consider routine eye exams in long-term users or in patients who report visual changes."
"30","Fluticasone propionate","intranasal corticosteriod","Clinical considerations: For patients with mucous crusting, rinsing with saline nasal spray 10 to 15 minutes prior to mometasone administration can remove mucous crusting and improve nasal coating (Ref). If nasal obstruction is so severe that sprays cannot penetrate when treating rhinitis, consider concomitant use of an intranasal decongestant for up to 5 days Rhinosinusitis, chronic, with nasal polyps: Note: A 1- to 3-month course of nasal corticosteroids is part of a multimodal approach (including intranasal saline) to initial treatment of chronic rhinosinusitis. Also used as part of multimodal maintenance therapy after symptom control is achieved. Fluticasone propionate (50 mcg/spray) (off-label use): Intranasal: Initial: 2 sprays in each nostril once daily or 1 spray in each nostril twice daily. Doses up to 2 sprays in each nostril twice daily have been studied Rhinosinusitis, chronic, without nasal polyps: Fluticasone propionate (50 mcg/spray) (off-label use): Intranasal: Initial: 2 sprays in each nostril once daily or 1 spray in each nostril twice daily (maximum dose: 2 sprays per nostril per day)","❌","No dosage adjustment","• Contraindications ; Hypersensitivity to fluticasone or any component of the formulation. When used for self-medication, do not use in children <4 years of age (Flonase Allergy Relief) or children <2 years of age (Flonase Sensimist), for the treatment of asthma, or with current injury or surgery to nose that is not fully healed. • Warnings/ Precautions • Adrenal suppression: May cause hypercortisolism or suppression of hypothalamic-pituitar y-adrenal (HPA) axis, particularly in younger children or in patients receiving high doses for prolonged periods. HPA axis suppression may lead to adrenal crisis. Withdrawal and discontinuation of a corticosteroid should be done slowly and carefully. Pediatric patients may be more susceptible to systemic toxicity. Particular care is required when patients are transferred from systemic corticosteroids to inhaled products due to possible adrenal insufficiency or withdrawal from steroids, including an increase in allergic symptoms. Adult patients receiving ≥20 mg per day of prednisone (or equivalent) may be most susceptible. Concurrent use of ritonavir (and potentially other strong inhibitors of CYP3A4) may increase fluticasone levels and effects on HPA suppression. • Delayed wound healing: Avoid use in patients with recent nasal septal ulcers, nasal surgery, or nasal trauma until healing has occurred. • Hypersensitivity: Hypersensitivity reactions (including anaphylaxis, angioedema, rash, contact dermatitis, hypotension, bronchospasm, and urticaria) have been reported; discontinue for severe reactions. •Immunosuppression : Prolonged use of corticosteroids may also increase the incidence of secondary infection, mask acute infection (including fungal infections), prolong or exacerbate viral infections, or limit response to vaccines. Exposure to chickenpox and/or measles should be avoided, especially if not immunized; if the patient is exposed, prophylaxis with varicella zoster immune globulin or pooled intramuscular immunoglobulin, respectively, may be indicated; if chickenpox develops, treatment with antiviral agents may be considered. • Local nasal effects: Nasal septal perforation, nasal ulceration, nasal erosion, epistaxis, and localized Candida albicans infections of the nose and/or pharynx may occur. Monitor patients periodically for adverse nasal effects; discontinuation of therapy may be necessary if an infection occurs; discontinue therapy if nasal septal perforation occurs Disease-related concerns: • Hepatic impairment: Use with caution in patients with moderate to severe hepatic impairment (accumulation may occur); monitor patients closely. • Infections: Use caution or avoid use in patients with tuberculosis (TB) infection (latent TB) or disease (active TB) of the respiratory tract, systemic fungal, bacterial, viral, or parasitic infections, or ocular herpes simplex. Do not use in untreated localized infection involving the nasal mucosa; concurrent antimicrobial therapy should be administered if bacterial infection of the sinuses is suspected/confirmed. • Ocular disease: Use with caution in patients with cataracts and/or glaucoma; increased intraocular pressure, open-angle glaucoma, and cataracts have occurred with prolonged use. Consider routine eye exams in long-term users or in patients who report visual changes."
"32","Budesonide","intranasal corticosteriod","• Rhinosinusitis, chronic, with nasal polyps: 32 mcg/spray formulation (off-label use): Intranasal: 2 sprays (64 mcg) in each nostril once or twice daily (total daily dose: 128 to 256 mcg/day) or 4 sprays (128 mcg) in each nostril once daily (total daily dose: 256 mcg/day) Rhinosinusitis, chronic, without nasal polyps (off-label use): Intranasal: 2 sprays (64 mcg) in each nostril twice daily (total daily dose: 256 mcg/day)","❌","No dosage adjustment","• Contraindications US labeling: When used for self-medication (OTC use), do not use if known hypersensitivity to budesonide or any component of the formulation or in children <6 years of age. • Warnings/ Precautions • Adrenal suppression: May cause hypercortisolism or suppression of hypothalamic-pituitar y-adrenal (HPA) axis, particularly in younger children or in patients receiving high doses for prolonged periods. HPA axis suppression may lead to adrenal crisis. Withdrawal and discontinuation of a corticosteroid should be done slowly and carefully. Pediatric patients may be more susceptible to systemic toxicity. Particular care is required when patients are transferred from systemic corticosteroids to inhaled products due to possible adrenal insufficiency or withdrawal from steroids, including an increase in allergic symptoms. Adult patients receiving ≥20 mg per day of prednisone (or equivalent) may be most susceptible. • Delayed wound healing: Avoid nasal corticosteroid use in patients with recent nasal septal ulcers, nasal surgery or nasal trauma until healing has occurred. • Hypersensitivity: Hypersensitivity reactions (eg, anaphylactic reactions, angioedema, pruritus, urticaria, rash, dermatitis) may occur. •Immunosuppression: Prolonged use of corticosteroids may also increase the incidence of secondary infection, mask acute infection (including fungal infections), prolong or exacerbate viral infections, or limit response to vaccines. Avoid exposure to chickenpox and/or measles, especially if not immunized. Avoid use or use with caution in patients with tuberculosis (TB) infection (latent TB) or disease (active TB), untreated bacterial or fungal infections (local or systemic), viral or parasitic infections, or ocular herpes simplex. The Canadian labeling contraindicates use in patients with TB infection or disease, or with untreated bacterial, fungal, or viral infections. • Local nasal effects: Nasal septal perforation, nasal ulceration, epistaxis, and localized Candida albicansinfections of the nose and/or pharynx may occur. Monitor patients periodically for adverse nasal effects; discontinuation of therapy may be necessary if an infection occurs. Disease-related concerns: • Ocular disease: Use with caution in patients with cataracts and/or glaucoma; increased intraocular pressure, glaucoma, and cataracts have occurred with prolonged use. Consider routine eye exams in chronic users or in patients who report visual changes."
"34","Triamcinolone acetonide","intranasal corticosteriod","• Acute bacterial rhinosinusitis, adjunctive therapy (empiric treatment) (off-label use): Note: Dosing recommendations based on general dosing range in manufacturer's labeling. Intranasal: Two sprays (110 mcg) in each nostril once daily. • Rhinosinusitis, chronic (off-label use): Note: Dosing recommendations based on general dosing range in manufacturer's labeling. Intranasal: Two sprays (110 mcg) in each nostril once daily.","❌","No dosage adjustment","Contraindications Hypersensitivity to triamcinolone or any component of the formulation OTC labeling: When used for self-medication, do not use in children <2 years of age. Warnings/ Precautions • Adrenal suppression: When used at excessive doses, may cause hypercortisolism or suppression of hypothalamic-pituitar y-adrenal (HPA) axis, particularly in younger children or in patients receiving high doses for prolonged periods. HPA axis suppression may lead to adrenal crisis. Withdrawal and discontinuation of a corticosteroid should be done slowly and carefully. Particular care is required when patients are transferred from systemic corticosteroids to inhaled products due to possible adrenal insufficiency or withdrawal from steroids, including an increase in allergic symptoms. • Delayed wound healing: Avoid use in patients with recent nasal septal ulcers, nasal surgery, or nasal trauma until healing has occurred. • Immunosuppression: Prolonged use of corticosteroids may increase the incidence of secondary infection, mask acute infection (including fungal infections), prolong or exacerbate viral infections, or limit response to vaccines. Exposure to chickenpox and/or measles should be avoided. • Local nasal effects: Nasal septal perforation, nasal ulceration, epistaxis, and localized Candida albicans infections of the nose and/or pharynx may occur. Monitor patients periodically for adverse nasal effects. Disease-related concerns: • Infections: Use caution or avoid in patients with ocular herpes simplex, tuberculosis (TB) infection (latent TB), and/or TB reactivity, or in patients with untreated fungal, viral, or bacterial infections. • Ocular disease: Use with caution in patients with cataracts and/or glaucoma; increased intraocular pressure, open-angle glaucoma, and cataracts have occurred with prolonged use. Consider routine eye exams in chronic users."
"36","Beclometasone dipropionate","intranasal corticosteriod","","","",""
"36","Ciclesonide","intranasal corticosteriod","","","",""
"36","Dextromethorphan","ยาบรรเทาอาการไอ แบบไม่มีเสมหะหรือ ไอแห้ง","Oral: 10 to 20 mg every 4 hours or 20 to 30 mg every 6 to 8 hours; extended release: 60 mg twice daily; maximum: 120 mg/24 hours","Oral syrup (immediate release): Children 2 to <6 years: 5 mg every 4 hours as needed; do not exceed 6 doses in 24 hours. Children 6 to <12 years: 10 mg every 4 hours as needed; do not exceed 6 doses in 24 hours. Children ≥12 years and Adolescents: 20 mg every 4 hours as needed; do not exceed 6 doses in 24 hours. Long-acting liquid: Children ≥12 years and Adolescents: 30 mg every 6 to 8 hours as needed; do not exceed 4 doses in 24 hours. Oral capsule: Children ≥12 years and Adolescents: 30 mg every 6 to 8 hours as needed; do not exceed 4 doses in 24 hours. Extended-release suspension (dextromethorphan polistirex): Children 4 to <6 years: 15 mg every 12 hours as needed; do not exceed 30 mg in 24 hours. Children 6 to <12 years: 30 mg every 12 hours as needed; do not exceed 60 mg in 24 hours. Children ≥12 years and Adolescents: 60 mg every 12 hours as needed; do not exceed 120 mg in 24 hours.","No dosage adjustment","Contraindications Concurrent administration with or within 2 weeks of discontinuing an MAO inhibitor Significant drug interactions exist, requiring dose/frequency adjustment or avoidance. Consult drug interactions database for more information. Warnings/ Precautions • Serotonin syndrome: Symptoms of agitation, confusion, hallucinations, hyper-reflexia, myoclonus, shivering, and tachycardia may occur with concomitant proserotonergic drugs (ie, SSRIs/SNRIs or triptans); especially with higher dextromethorphan doses. • Pediatric: Use with caution in atopic children. Not for OTC use in children <4 years of age. Dosage form specific issues: • Self-medication (OTC use): When used for self medication (OTC) notify healthcare provider if symptoms do not improve within 7 days, or are accompanied by fever, rash or persistent headache. Do not use for persistent or chronic cough (as with smoking, asthma, chronic bronchitis, emphysema) or if cough is accompanied by excessive phlegm unless directed to do so by healthcare provider."
"37","Levodropropizine","ยาบรรเทาอาการไอ แบบไม่มีเสมหะหรือ ไอแห้ง","• For symptomatic relief: As conventional tab/ Oral syrup: 60 mg up to three times/day given at intervals of at least 6 hours. • As controlled-release tab: 90 mg two times/day","• Children 2-12 years: as oral syrup: 1 mg/kg three times/day given at intervals of at least 6 hours Children > 12 years: as conventional tab/oral syrup: same as adult dose","Hepatic severe impairment : Contraindicated","• Significant: Rarely, drowsiness or altered consciousness. Cardiac disorders: Palpitations. Gastrointestinal disorders: Nausea, vomiting, diarrhoea, abdominal pain, heartburn. General disorders and administration site conditions: Asthenia, fatigue. Nervous system disorders: Somnolence, dizziness, headache."
"38","Carbocysteine","ยาขับเสมหะ/ละลาย เสมหะ ยาบรรเทาอาการไอ แบบมีเสมหะ","• Oral Adolescents ≥15 years and Adults: 750 mg to 2.25 g/day in 3 to 4 divided doses.","• Oral Children 2 to 5 years: 100 mg twice daily or 62.5 to 125 mg 4 times daily. Children 6 to 11 years: 100 to 250 mg 3 times daily. Children 12 to <15 years: 100 to 750 mg 3 times daily.","❌","• Contraindications ; Active peptic or duodenal ulcer. Children <2 years. Special Precautions ; Patient with history of gastroduodenal ulceration, chronic bronchial asthma, respiratory failure. Patients taking concomitant medicines known to cause gastrointestinal bleeding. It is not recommended to be concomitantly used with antitussives and/or medicines that dry up bronchial secretions. Children (≥2 years) and elderly. Pregnancy and lactation. Adverse Reactions Significant: Gastrointestinal bleeding. Gastrointestinal disorders: Nausea, vomiting, diarrhoea, epigastric discomfort. Immune system disorders:"
"38","Acetylcysteine (N-Acetylcysteine)","ยาขับเสมหะ/ละลาย เสมหะ ยาบรรเทาอาการไอ แบบมีเสมหะ","Oral Mucolytic Adult: As adjunctive therapy for respiratory tract disorders associated with excessive, viscous mucus: As granules for oral solution: 200 mg 2-3 times daily. As effervescent tab: 600 mg once daily. Treatment duration may vary depending on the nature and severity of the disease. Dosage recommendations may vary among countries and individual products (refer to specific product guidelines). Ref: https://www.mims.co m/thailand/drug/info/a cetylcysteine?mtype= g","Oral Mucolytic Child: 2-6 years As granules for oral solution: 100 mg 2-4 times daily; >6 years Same as adult dose. Treatment or dosage recommendations may vary among countries and individual products (refer to specific product guidelines). Ref: https://www.mims.co m/thailand/drug/info/a cetylcysteine?mtype= g","❌","• Contraindications ; For mucolytic use (oral): Children <2 years. Special Precautions; Patient with asthma, history of bronchospasm, atopy; decreased cough reflex (e.g. frail patient), predisposition to gastrointestinal haemorrhage [e.g. oesophageal varices, peptic ulcer] (oral). Patient requiring fluid restriction or who weighs ≤40 kg (IV). Acetylcysteine is available in multiple dosage forms, refer to detailed product guidelines for specific recommendations. Children. Pregnancy and lactation. Adverse Reactions Significant: Increased risk of upper gastrointestinal haemorrhage (oral).."
"39","Bromhexine","ยาขับเสมหะ/ละลาย เสมหะ ยาบรรเทาอาการไอ แบบมีเสมหะ","• Adults: 8 to 16 mg 3 times daily (maximum: 48 mg/day).","• Use of bromhexine in children <6 years may be contraindicated in some countries. Children 2 to <6 years: 2 mg 3 times daily or 4 mg twice daily (maximum: 8 mg/day). Children 6 to <12 years: 4 to 8 mg 3 times daily (maximum: 24 mg/day). Children ≥12 years, Adolescents : 8 to 16 mg 3 times daily","❌","• Special Precautions ; Patient with existing or history of gastric ulceration; asthma. Severe renal and hepatic impairment. Children. Pregnancy and lactation. Adverse Reactions Gastrointestinal disorders: Diarrhoea, nausea, vomiting, upper abdominal pain.. Nervous system disorders: Headache, dizziness."
"39","Ambroxol","ยาขับเสมหะ/ละลาย เสมหะ ยาบรรเทาอาการไอ แบบมีเสมหะ","• Adults: 60 to 120 mg/day in 2 to 3 divided doses (immediate release) or 75 mg once daily (extended release capsules; adults only).","• Children 2 to <6 years: 7.5 to 15 mg 3 times daily. Children 6 to 12 years: 15 to 30 mg 2 to 3 times daily. Children >12 years, Adolescents: 60 to 120 mg/day in 2 to 3 divided doses (immediate release) or 75 mg once daily (extended release capsules; adults only).","❌","• Special Precautions ; Patient with existing or history of gastric ulceration; asthma. Severe renal and hepatic impairment. Children. Pregnancy and lactation. Adverse Reactions Significant: Hypersensitivity reactions (e.g. rash, pruritus, urticaria, anaphylactic shock, angioedema). Gastrointestinal disorders: Diarrhoea, dyspepsia, nausea, vomiting, abdominal pain, heartburn, bloated feeling, dry mouth or throat and dysgeusia, oral and pharyngeal hypoaesthesia. ."
"39","Terco-D (Dextromethorphan 15 mg + Glyceryl guaiacolate 100 mg + Terpin hydrate 130 mg)","ยาขับเสมหะ/ละลาย เสมหะผสมยาบรรเทา อาการไอแห้ง ยาบรรเทาอาการไอ แบบมีเสมหะและไอ แห้งหรือไอไม่มีเสมหะ","Adult : 1 tab 3-4 times/day","Children > 12 years : 1 tab 3-4 times/day","❌","• Adverse reactions: Mild drowsiness, headache, rash, nausea, vomiting, confusion, constipation, GI disturbance, stomach pain, mild dizziness, urticaria. • Special Precautions: Not to be used for persistent or chronic cough eg, w/ smoking, emphysema, asthma or cough accompanied by excessive secretions; in patients who received MAOI or 2 wk after discontinuing MAOI. Not to be given during pregnancy. Lactation."
"40","Kamilosan M spray","ยาพ่นบรรเทาอา อาการเจ็บคอ ระคาย เคืองคอ เสียงแหบ","ขนาดและวิธีใช้ พ่นฉีดวันละ 3 ครั้งที่ บริเวณช่องปากและลำ คอ โดยการกดหัวพ่นฉีด 2 ทีต่อครั้ง แนะนำให้ใช้ ภายหลังจากรับประทาน อาหารแล้ว Ref : https://kamillosanmth ailand.com/howto.ht ml","วิธีใช้ พ่นสเปรย์ 1-2 ครั้ง เข้าไปในลำคอหรือช่อง ปาก วันละ 3 ครั้ง หรือ ตามความจำเป็น สามารถใช้ได้ทั้งเด็ก อายุ 6 ปีขึ้นไปและ ผู้ใหญ่ เพื่อผลลัพธ์ที่ดี ควรพ่น หลังจากรับประทาน อาหารและก่อนนอน ไม่ควรกินอาหารหรือดื่ม น้ำทันทีหลังจากพ่น เพื่อให้ยาออกฤทธิ์ได้ เต็มที่ Ref : https://vcare-plus.co m/kamillosan-m-spra y-20ml/","❌","ข้อควรระวัง • ห้ามใช้ในผู้ที่มีประวัติ แพ้ส่วนประกอบใดๆ ใน ผลิตภัณฑ์ โดยเฉพาะ ดอกคาโมไมล์หรือพืช ตระกูล Asteraceae • หลีกเลี่ยงการสัมผัส กับดวงตา หากเกิด อาการแพ้หรือระคาย เคือง เช่น ผื่นแดง คัน หรือบวม ควรหยุดใช้ และปรึกษาแพทย์ทันที • ไม่ควรใช้ในเด็กอายุ ต่ำกว่า 6 ปี • หากอาการไม่ดีขึ้น ภายใน 3-5 วัน หรือมี อาการแย่ลง เช่น มีไข้ สูง ควรปรึกษาแพทย์ Ref : https://vcare-plus.co m/kamillosan-m-spra y-20ml/"
"40","Propoliz mouth spray","ยาพ่นบรรเทาอาการ เจ็บคอ ระคายเคือง คอ เสียงแหบ","วิธีใช้ : พ่นสเปรย์ในช่องปาก ครั้งละ 2-3 พัฟ ได้บ่อย ตามที่ต้องการ","สำหรับน้องอายุตั้งแต่ 3 ปีขึ้นไป สามารถเลือก ใช้ Propoliz Mouth Spray ซึ่งสูตร Propoliz Mouth Spray จะมีรส หวานเย็นจากเมนทอล สเปียร์มินท์ เปปเปอร์มินต์ สำหรับน้องอายุตั้งแต่ 6 ปีขึ้นไป สามารถเลือก ใช้ได้ทั้งสเปรย์ที่แนะนำ ข้างต้น และสามารถ เลือกใช้เป็นเม็ดอมสูตร Propoliz Lozenge Plus และ Propoliz Mixs Lozenge ได้ สำหรับน้องที่อายุ 12 ปี ขึ้นไป สามารถเลือกใช้ ผลิตภัณฑ์ทุกชนิดของ โพรโพลิซได้ Ref : https://www.propolizs pray.com/faq/","❌","ข้อควรระวัง : หลีกเลี่ยงการใช้ในผู้ที่มี ประวัติแพ้เกสรดอกไม้ น้ำผึ้ง ผลิตภัณฑ์จากผึ้ง หรือส่วนประกอบอื่นๆ ในตำหรับ และหลีก เลี่ยงการใช้ในผู้ที่เป็น G6PD สำหรับคนที่เป็น G6PD สามารถใช้ ผลิตภัณฑ์โพรโพลิซได้ โดยแนะนำเป็น Propoliz Kid Mouth Spray หลีกเลี่ยงการใช้ในผู้ที่มี ประวัติแพ้ผลิตภัณฑ์ จากผึ้ง น้ำผึ้งหรือ ส่วนประกอบของรังผึ้ง คุณแม่ตั้งครรภ์สามารถ ใช้ผลิตภัณฑ์โพรโพลิซ ได้ โดยแนะนำเมา ท์สเปรย์ Propoliz Mouth Spray เมื่อระยะ ครรภ์พ้น 3 เดือนแรก หรือไตรมาสแรก คุณแม่ให้นมบุตร สามารถใช้ผลิตภัณฑ์โพ รโพลิซได้ โดยแนะนำ เป็นเมาท์สเปรย์ Propoliz Mouth Spray"
"41","Betadine throat spray","ยาพ่นบรรเทาอาการ เจ็บคอ ระคายเคือง คอ และฆ่าเชื้อ","A: เมื่อเริ่มมีอาการ อักเสบในช่องปากและ ลำคอ เช่น อาการระคาย คอ มีแผลในช่องปาก หรือมีกลิ่นปาก สามารถ ใช้สเปรย์พ่นคอ เบตาดี น® โทรตสเปรย์ เพื่อ ช่วยบรรเทาอาการได้ โดยมีข้อแนะนำดังนี้ • ครั้งแรกที่ใช้ ให้กดหัว สเปรย์ 4-5 ครั้งบริเวณ ช่องปากจนมีตัวยาออก มา • พ่นสเปรย์ 2-3 ครั้งใน บริเวณช่องปาก พร้อม ออกเสียง “ฮา” ดัง ๆ เพื่อหลีกเลี่ยงการสำลัก ความถี่ในการใช้ : สามารถพ่นฉีดที่บริเวณ ช่องปากและลำคอได้ ทันทีเมื่อมีอาการ (โดย ทำตามวิธีพ่นที่ถูกต้อง เพื่อหลีกเลี่ยงการสูด สำลักเข้าสู่ทางเดิน หายใจ)","ห้ามใช้กับเด็กอายุต่ำ กว่า 1 ปี","❌","ข้อควรระวัง : • ห้ามใช้ในผู้มีความผิด ปกติของต่อมไทรอยด์ • ห้ามใช้กับผู้ที่มีโรค ผิวหนังอักเสบ (Duhring’s dermatitis herpetiformis) • ห้ามใช้ก่อน ระหว่าง หรือหลังการรักษาด้วย ไอโอดีนกัมมันตรังสี • ห้ามใช้กับเด็กอายุต่ำ กว่า 1 ปี • ห้ามใช้กับสตรีที่ตั้ง ครรภ์หรืออยู่ในช่วงให้ นมบุตร • ระวังการสูดหรือสำลัก ระหว่างใช้ยา"
"41","Strepsils HHR ( มีตัวยา Amylmetacrecol + 2-4 Dichlorobenzyl alcohol )","ยาอมบรรเทาอาการ เจ็บคอ","วิธีการใช้งาน ผู้ใหญ่และเด็กอายุ 6 ปีขึ้นไป โดยอมครั้งละ 1 เม็ด ให้ละลายช้าๆ ในปากทุกๆ 2-3 ชั่วโมง","","❌","ข้อควรระวัง - หากใช้ติดต่อกัน 2 วัน แล้วอาการยังไม่ดีขึ้น ควรปรึกษาแพทย์หรือ เภสัชกร - หญิงมีครรภ์และหญิง ให้นมบุตร ควรปรึกษา แพทย์หรือเภสัชกรก่อน ใช้ยา - ไม่ควรใช้ในเด็กอายุ ต่ำกว่า 6"
"41","Strepsils Maxpro (มีตัวยา flurbiprofen)","ยาอมบรรเทาอาาร เจ็บคอ","Adults and children over 12 years: Dissolve one lozenge in the mouth every 3 to 6 hours or as prescribed by the physician. Do not take more than 5 lozenges in 24 hours. Duration of therapy should be limited to a maximum of 3 days. If symptoms persist, consult a doctor.","Adults and children over 12 years: Dissolve one lozenge in the mouth every 3 to 6 hours or as prescribed by the physician. Do not take more than 5 lozenges in 24 hours. Duration of therapy should be limited to a maximum of 3 days. If symptoms persist, consult a doctor.","Impaired renal: In patients with mild to moderate impairment of renal function no dose reduction is required. In patients with severe renal insufficiency flurbiprofen is contraindicated","Contraindications Hypersensitivity to flurbiprofen or any of the excipients in the product. Patients who have previously shown hypersensitivity reactions (e.g. asthma, bronchospasm, rhinitis, angioedema or urticaria) in response to acetylsalicylic acid or other NSAIDs. Active, or history of recurrent peptic ulcer/haemorrhage (two or more distinct episodes of proven ulceration) and intestinal ulceration. History of gastrointestinal bleeding or perforation, severe colitis, haemorrhagic or haematopoietic disorders related to previous NSAID therapy. Last trimester of pregnancy Severe heart failure, severe renal failure or severe hepatic failure"
"42","Strepsils Maxipluzz (มีตัวยา Lignocaine)","ยาอมบรรเทาอาการ เจ็บคอ","ผู้ใหญ่และเด็กอายุ 6 ปีขึ้นไป โดยอมครั้ง ละ 1 เม็ด ให้ละลาย ช้าๆ ในปากทุกๆ 2-3 ชั่วโมง","ผู้ใหญ่และเด็กอายุ 6 ปีขึ้นไป โดยอมครั้ง ละ 1 เม็ด ให้ละลาย ช้าๆ ในปากทุกๆ 2-3 ชั่วโมง","❌","หากใช้ติดต่อกัน 2 วัน แล้วอาการยังไม่ดีขึ้น ควรปรึกษาแพทย์หรือ เภสัชกร หญิงมีครรภ์และหญิงให้ นมบุตร ควรปรึกษา แพทย์หรือเภสัชกรก่อน ใช้ยา ไม่ควรใช้ในเด็กอายุต่ำ กว่า 6 ปี"
"42","Strepsils chesty cough (มีตัวยา Ambroxol HCl)","ยาอมละลายเสมหะ บรรเทาอาการไอแบบมี เสมหะ","ผู้ใหญ่และเด็กอายุ 6 ปี ขึ้นไป โดยอมครั้งละ 1 เม็ด ให้ละลายช้าๆ ใน ปากทุกๆ 2-3 ชั่วโมง","ผู้ใหญ่และเด็กอายุ 6 ปี ขึ้นไป โดยอมครั้งละ 1 เม็ด ให้ละลายช้าๆ ใน ปากทุกๆ 2-3 ชั่วโมง","❌","-หากใช้ติดต่อกัน 2 วัน แล้วอาการยังไม่ดีขึ้น ควรปรึกษาแพทย์หรือ เภสัชกร - หญิงมีครรภ์และหญิง ให้นมบุตร ควรปรึกษา แพทย์หรือเภสัชกรก่อน ใช้ยา"
"42","Strepsils dry cough (มีตัวยา Dextromethorphan)","ยาอมบรรเทาอาการเจ็บ คอ ไอแห้งหรือไอไม่มี เสมหะ","ผู้ใหญ่และเด็กอายุ 6 ปี ขึ้นไป โดยอมครั้งละ 1 เม็ด ให้ละลายช้าๆ ใน ปากทุกๆ 2-3 ชั่วโมง","ผู้ใหญ่และเด็กอายุ 6 ปี ขึ้นไป โดยอมครั้งละ 1 เม็ด ให้ละลายช้าๆ ใน ปากทุกๆ 2-3 ชั่วโมง","❌","หากใช้ติดต่อกัน 2 วัน แล้วอาการยังไม่ดีขึ้น ควรปรึกษาแพทย์หรือ เภสัชกร หญิงมีครรภ์และหญิงให้ นมบุตร ควรปรึกษา แพทย์หรือเภสัชกรก่อน ใช้ยา ไม่ควรใช้ในเด็กอายุต่ำ กว่า 6 ปี"
"42","ยาน้ำแก้ไอผสม มะขามป้อม ตราอภัย ภูเบศร 120 ml (ใน 100 มิลลิลิตร เตรียมจากผล มะขามป้อม 18.9084 กรัม ลูกมะแว้งต้น 0.0714 กรัม และตัว ยาอื่นๆ)","• บรรเทาอาการไอ ขับ เสมหะ และช่วยให้ชุ่ม คอ","• รับประทานครั้งละ 2 ช้อนชา วันละ 3-4 ครั้ง เมื่อมี อาการ เขย่าขวดก่อนใช้ยา","","❌","• ไม่แนะนำให้ใช้ในเด็ก อายุต่ำกว่า 2 ขวบ และ หญิงตั้งครรภ์ เนื่องจาก มีแอลกอฮอล์ผสมอยู่ 0.2% • ผลข้างเคียง : อาจะ เป็นยาระบายอ่อนๆ"
"43","ยาแก้ไอน้ำดำ (มีสารสกัดชะเอมเทศ 0.6 ml/5ml, antimony potassium tartrate 1.2-2 mg/5ml, camphorated opium tincture 0.6 ml/5ml)","• บรรเทาอาการไอ ขับ เสมหะ","กินครั้งละ 1-2 ช้อนชา (5-10 ml) กินยานี้วันละ 3-4 ครั้ง เมื่อมีอาการไอ","เด็ก 6-12 ปี: กินครั้งละ ครึ่ง ถึง 1 ช้อนชา (2.5-5 ml) กินยานี้วันละ 3-4 ครั้ง เมื่อมีอาการไอ","❌","• ห้ามกินยานี้ติดต่อกัน เกิน 3 วัน เนื่องจาก ทำให้เกิดอาการดื้อยา และติดยาได้ • ยานี้มีแอลกอฮอล์ จึง ห้ามใช้ในหญิงตั้งท้อง ผู้สูงอายุ และเด็กอายุต่ำ กว่า 6 ปี • อาการข้างเคียง : ปวด หัว เวียนหัว ง่วงซึม นอนไม่หลับ ปาก/ คอแห้ง คลื่นไส้อาเจียน ท้องผูก เบื่ออาหาร ปัสสาวะออกน้อยหรือ ปัสสาวะลำบาก"
"43","Betadine gargle 30 ml","ยากลั้วคอ ช่วยฆ่าเชื้อ ที่เป็นสาเหตุให้เจ็บคอ","• หยดเบตาดีน® การ์เกิล 1-2 ซีซี ลงถ้วยผสม เติมน้ำสะอาดลงถ้วยผสม จนครบ 30 ซีซี อมกลั้วคอ 30 วินาที แล้วบ้วนทิ้ง วันละ 2-3 ครั้ง","","❌","• เด็กสามารถใช้ยา กลั้วคอได้เมื่อสามารถ อมกลั้วคอและบ้วนทิ้ง เองได้ โดยควรมีผู้ ปกครองดูแลขณะใช้ทุก ครั้ง และหลีกเลี่ยงการ ใช้ในเด็กอายุต่ำกว่า 1 ปี"
"43","Difflam Lozenges","ยาอมบรรเทาอาการเจ็บ คอ","ผู้ใหญ่และเด็กอายุตั้งแต่ 6 ปีขึ้นไป ขนาดและวิธีใช้: อมครั้งละ 1 เม็ด ทุกๆ 1 - 2 ชั่วโมงตามความจำเป็น (สูงสุดไม่เกิน 12 เม็ดต่อวัน) ค่อยๆ อมยาให้ละลายในปากช้าๆ ทีละเม็ด ห้าม เคี้ยว ถ้าอาการเจ็บคอมีสาเหตุจากการติดเชื้อ ควรให้ ยา ต้านเชื้อแบคทีเรียที่เหมาะสมร่วมกันกับยาอม Difflam","","ระวังการใช้ในผู้ป่วยที่มี การทำงานของตับและ ไต บกพร่อง","ห้ามใช้ หากคุณมี อาการแพ้สารเบนซีดา มีน (Benzydamine) หรือยาต้านการอักเสบ ชนิดอื่นๆ หากเกิด อาการแพ้ ให้หยุดใช้ยา ทันทีและรีบไปพบ แพทย์ ระหว่างที่ใช้ยานี้: เก็บยาให้พ้นมือเด็ก และไม่แนะนำให้ใช้ใน เด็กอายุต่ำกว่า 6 ปี ไม่ควรใช้ยาติดต่อกัน เกิน 7 วัน ยานี้มีส่วนผสมของไอ โซมอลต์ (Isomalt) 31 กรัมต่อ 12 เม็ด (ซึ่งเป็น ปริมาณสูงสุดที่แนะนำ ต่อวัน) การบริโภค ผลิตภัณฑ์ที่มีส่วนผสม ของไอโซมอลต์มาก เกินไปอาจมีฤทธิ์เป็นยา ระบายได้ (ทำให้ ท้องเสีย) โปรดปรึกษาแพทย์หาก คุณมีปัญหาเกี่ยวกับตับ หรือไต กำลังตั้งครรภ์ หรือกำลังให้นมบุตร ข้อควรระวัง: ระวังการ ใช้ในผู้ป่วยที่มีการทำ งานของตับและไต บกพร่อง ข้อห้ามใช้: - ผู้ที่มีประวัติแพ้ยานี้ หรือยากลุ่ม NSAIDs - สตรีตั้งครรภ์ไตรมาส สุดท้าย - ผู้ที่มีเลือดออกใน กระเพาะอาหารหรือ กระเพาะอาหารทะลุ - โรคตับหรือโรคไต รุนแรง - ผู้ป่วยไข้เลือดออก - ยานี้อาจเพิ่มความ เสี่ยงต่อการเกิดเลือด ออกหรือแผลในทาง เดินอาหาร เพิ่มความ เสี่ยงต่อการตีบตันของ หลอดเลือดสมอง และหลอดเลือดหัวใจ - ยานี้อาจทำให้เกิด ภาวะบวมน้ำ - ระวังในผู้สูงอายุหรือ มีความดันโลหิตสูง"
"44","Difflam forte throat spray","ยาพ่นบรรเทาอาการ เจ็บคอ","วิธีใช้สเปรย์พ่นคอ DIFFLAM Forte บรรเทา อาการอักเสบ • สำหรับผู้ใหญ่และเด็กอายุ 12 ปีขึ้นไป: พ่นสเปรย์ 2-4 ครั้งลงบนบริเวณที่เป็นแผลหรือ อักเสบโดยตรง แล้วกลืนเบาๆ ทำซ้ำทุก 1.5 ถึง 3 ชั่วโมงตามความจำเป็น • สำหรับเด็กอายุ 6 ถึง 12 ปี: พ่นสเปรย์ 2 ครั้งลงบนบริเวณที่เจ็บหรืออักเสบโดย ตรง แล้วกลืนเบาๆ ทำซ้ำทุก 1.5 ถึง 3 ชั่วโมงตามความจำเป็น ขนาดและวิธีใช้: ● อายุมากกว่า 12 ปี: พ่น 2-4 ครั้ง ทุกๆ 1.5 - 3 ชั่วโมงตามความจำเป็น ● เด็กอายุ 6-12 ปี: พ่น 2 ครั้ง ทุกๆ 1.5 - 3 ชั่วโมงตามความจำเป็น ● พ่นสเปรย์ไปยังบริเวณที่มีอาการโดย ตรง","วิธีใช้สเปรย์พ่นคอ DIFFLAM Forte บรรเทา อาการอักเสบ • สำหรับผู้ใหญ่และเด็กอายุ 12 ปีขึ้นไป: พ่นสเปรย์ 2-4 ครั้งลงบนบริเวณที่เป็นแผลหรือ อักเสบโดยตรง แล้วกลืนเบาๆ ทำซ้ำทุก 1.5 ถึง 3 ชั่วโมงตามความจำเป็น • สำหรับเด็กอายุ 6 ถึง 12 ปี: พ่นสเปรย์ 2 ครั้งลงบนบริเวณที่เจ็บหรืออักเสบโดย ตรง แล้วกลืนเบาๆ ทำซ้ำทุก 1.5 ถึง 3 ชั่วโมงตามความจำเป็น ขนาดและวิธีใช้: ● อายุมากกว่า 12 ปี: พ่น 2-4 ครั้ง ทุกๆ 1.5 - 3 ชั่วโมงตามความจำเป็น ● เด็กอายุ 6-12 ปี: พ่น 2 ครั้ง ทุกๆ 1.5 - 3 ชั่วโมงตามความจำเป็น ● พ่นสเปรย์ไปยังบริเวณที่มีอาการโดย ตรง","ระวังการใช้ในผู้ป่วยที่มี การทำงานของตับและ ไต บกพร่อง","ห้ามใช้ หากคุณมี อาการแพ้สารเบนซีดา มีน (Benzydamine) หรือยาต้านการอักเสบ ชนิดอื่นๆ หากเกิด อาการแพ้ ให้หยุดใช้ยา ทันทีและรีบไปพบ แพทย์ ระหว่างที่ใช้ยานี้: เก็บยาให้พ้นมือเด็ก และไม่แนะนำให้ใช้ใน เด็กอายุต่ำกว่า 6 ปี หากอาการยังไม่ทุเลา ลง ควรปรึกษาแพทย์ หรือเภสัชกร ไม่ควรใช้ติดต่อกันเกิน 7 วัน เว้นแต่จะอยู่ภาย ใต้การดูแลของแพทย์"
"44","Solmax capsule","ยาขับเสมหะ/ละลาย เสมหะ","Dosage/Direction for Use Solmax Capsule: Adult and children >12 yr 1 capsule 3 times a day after meal.","Dosage/Direction for Use Solmax Capsule: Adult and children >12 yr 1 capsule 3 times a day after meal.","❌","Contraindications Contraindicated in patients with active peptic ulcer or with known hypersensitivity to Carbocisteine. Warnings Administer with caution in patients with history of gastric or duodenal ulcer. Administer to infants only as advised by the physician. Use in Pregnancy: Do not recommend the use of Carbocisteine in the first-trimester of pregnant. Special Precautions Administer with caution in patients with history of gastric or duodenal ulcer. Since the effects of Carbocisteine when used during pregnancy or lactation are not known, it should be administered with caution to women during these periods. Administer to infants only as advised by the physician."
"45","Muclear","ยาขับเสมหะ/ละลาย เสมหะ","Dosage/Direction for Use For mucolytic effects: Adults and children over 12 years: Dissolve 1 tablet in a half glass of water and drink after dinner daily.","Dosage/Direction for Use For mucolytic effects: Adults and children over 12 years: Dissolve 1 tablet in a half glass of water and drink after dinner daily.","❌","Contraindications Hypersensitivity or intolerance to any component of the product. Should be used with caution in asthmatic patients. It should also be used with caution in patient with a history of peptic ulcer disease, both because drug-induced nausea and vomiting may increase the risk of gastrointestinal haemorrhage in patients predisposed to the condition, and because of theoretical risk that mucolytics may disrupt the mucosal barrier. Use In Pregnancy & Lactation Should not use during pregnancy and lactation without medical advice."
